,RNF43,Protein_Change,x,BRAF_MISSENSE,PTPRK_MISSENSE,POLD1_MISSENSE,RNF43_TRUNCATING,ALK_MISSENSE
TCGA-3L-AA1B,,,0.29932860376234804,MISSENSE,,,,
TCGA-4N-A93T,,,0.12562106360151,,,,,
TCGA-4T-AA8H,,,0.44517160771348,,,,,
TCGA-5M-AAT4,,,0.3581622695181911,,,,,MISSENSE
TCGA-5M-AAT6,['G659fs'],,0.6861990555520551,,,MISSENSE,TRUNCATING,MISSENSE
TCGA-5M-AATE,,,0.22649165651957,,,,,
TCGA-A6-2671,['A629fs'],['A629fs'],0.40753368238066906,,,,TRUNCATING,
TCGA-A6-2672,,,0.715096064012548,,,,,
TCGA-A6-2674,,,0.430844992712435,,,,,
TCGA-A6-2675,,,0.24074612758894498,,,,,
TCGA-A6-2676,,,0.869896780927588,,,,,
TCGA-A6-2677,,,0.21339539872246102,,,,,
TCGA-A6-2678,,,0.397708782428293,,,,,
TCGA-A6-2679,,,0.42372332291055703,,,,,
TCGA-A6-2682,,,0.28984320363365995,,,,,
TCGA-A6-2684,,,0.361013702703252,,,,,
TCGA-A6-2685,,,0.38825827393979206,,,,,
TCGA-A6-2686,"['G659fs', 'P192fs']",,0.7446339234968591,MISSENSE,,,TRUNCATING,
TCGA-A6-3808,,,0.49378956805243296,,,,,
TCGA-A6-3809,,,0.758630131892598,MISSENSE,MISSENSE,MISSENSE,,
TCGA-A6-3810,,,0.27527763751051193,,,,,
TCGA-A6-4105,,,0.33304004359779,,,,,
TCGA-A6-4107,,,0.250113944401617,,,,,
TCGA-A6-5656,,,0.139257295814792,,,,,
TCGA-A6-5657,,,0.38385861761648,,,,,
TCGA-A6-5659,,,0.26677688957151896,,,,,
TCGA-A6-5660,,,0.307249022022677,,,,,
TCGA-A6-5661,['W200*'],,0.8020310372702559,MISSENSE,,MISSENSE,TRUNCATING,
TCGA-A6-5662,,,0.25973846049941,,,,,
TCGA-A6-5664,,,0.494197363056657,,,,,
TCGA-A6-5665,['G659fs'],['G659fs'],0.8146266170370491,MISSENSE,,,TRUNCATING,
TCGA-A6-5666,,,0.24210252398819,,,,,
TCGA-A6-5667,,,0.24189948054691396,,,,,
TCGA-A6-6137,,,0.25688036590435104,,,,,
TCGA-A6-6138,,,0.26622372906735,,,,,
TCGA-A6-6140,,,0.182326428028046,,,,,
TCGA-A6-6142,,,0.280929949446753,,,,,
TCGA-A6-6648,,,0.220086593960568,,,,,
TCGA-A6-6649,['Q426*'],['Q426*'],0.622611553344026,MISSENSE,,,TRUNCATING,
TCGA-A6-6650,,,0.28171496082823905,,,,,
TCGA-A6-6651,,,0.368934273892034,,,,,
TCGA-A6-6652,,,0.4379182171688879,,,,,
TCGA-A6-6653,['G659fs'],,0.7801380946716601,MISSENSE,,,TRUNCATING,
TCGA-A6-6654,,,0.37120636828810794,,,,,
TCGA-A6-6780,,,0.6904056453589201,,,MISSENSE,,
TCGA-A6-6782,,,0.209431934896635,,,,,
TCGA-A6-A5ZU,,,0.28041390231805,,,,,
TCGA-AA-3488,,,0.35331618938436404,,,,,
TCGA-AA-3489,,,0.345978693631155,,,,,
TCGA-AA-3492,['G659fs'],['G659fs'],0.7586622380773009,MISSENSE,,,TRUNCATING,
TCGA-AA-3494,,,0.31129114718043,,,,,
TCGA-AA-3495,,,0.250516699561791,,,,,
TCGA-AA-3496,,,0.25701529694246,,,,,
TCGA-AA-3502,,,0.332742509326648,,,,,
TCGA-AA-3506,,,0.350295414906026,,,,,
TCGA-AA-3509,,,0.23908505166070498,,,,,
TCGA-AA-3510,,,0.48386275174884497,,MISSENSE,,,MISSENSE
TCGA-AA-3511,,,0.282399769840902,,,,,
TCGA-AA-3516,,,0.26268070699620805,,,,,
TCGA-AA-3517,,,0.341980342342795,,,,,
TCGA-AA-3519,,,0.250794250640478,,,,,
TCGA-AA-3520,,,0.36295604902006606,,,,,
TCGA-AA-3521,,,0.332152486918885,,,,,
TCGA-AA-3522,,,0.329422240478,,,,,
TCGA-AA-3524,,,0.369566110462166,,,,,
TCGA-AA-3525,,,0.363433497817704,,,,,
TCGA-AA-3526,,,0.337174632428056,,,,,
TCGA-AA-3527,,,0.38723807798485704,,,,,
TCGA-AA-3530,,,0.31549258836273303,,,,,
TCGA-AA-3531,,,0.256907245886603,,,,,
TCGA-AA-3532,,,0.233156112597674,,,,,
TCGA-AA-3538,,,0.26642918598701,,,,,
TCGA-AA-3542,,,0.20470729428511103,,,,,
TCGA-AA-3543,,,0.728656403110995,,,,,
TCGA-AA-3544,,,0.281445873210964,,,,,
TCGA-AA-3548,,,0.16415435168221099,,,,,
TCGA-AA-3549,,,0.286591036683635,,,,,
TCGA-AA-3552,,,0.21669891487175602,,,,,
TCGA-AA-3553,,,0.250328208459877,,,,,
TCGA-AA-3560,,,0.274274405699985,,,,,
TCGA-AA-3561,,,0.25001653500490806,,,,,
TCGA-AA-3655,,,0.35924638656381397,,,,,
TCGA-AA-3660,,,0.318804825208118,,,,,
TCGA-AA-3662,,,0.350469609987428,,,,,
TCGA-AA-3663,['G659fs'],['G659fs'],0.749054994633362,,,,TRUNCATING,MISSENSE
TCGA-AA-3667,,,0.31967295381631605,,,,,
TCGA-AA-3673,,,0.369052791821532,,,,,
TCGA-AA-3675,,,0.492619417471586,,,,,
TCGA-AA-3678,,,0.21089538130610802,,,,,
TCGA-AA-3679,,,0.189668494221082,,,,,
TCGA-AA-3680,,,0.372852391081213,,,,,
TCGA-AA-3681,,,0.457587890634281,,,,,
TCGA-AA-3684,,,0.539024885358839,MISSENSE,MISSENSE,,,
TCGA-AA-3688,,,0.190965185234591,,,,,
TCGA-AA-3692,,,0.24256298632545198,,,,,
TCGA-AA-3693,,,0.19959342117326104,,,,,
TCGA-AA-3695,,,0.53837381236591,,,,,
TCGA-AA-3696,,,0.36529324362301596,,,,,
TCGA-AA-3697,,,0.27363803689864397,,,,,
TCGA-AA-3710,,,0.7576037062369001,,,,,
TCGA-AA-3712,,,0.232597951683647,,,,,
TCGA-AA-3713,,,0.670904149375024,MISSENSE,,,,
TCGA-AA-3715,['G659fs'],['G659fs'],0.8709697206308741,MISSENSE,MISSENSE,,TRUNCATING,MISSENSE
TCGA-AA-3811,,,0.6780907336161689,,,,,MISSENSE
TCGA-AA-3812,,,0.38072427255993,,,,,
TCGA-AA-3814,,,0.23559936590868802,,,,,
TCGA-AA-3815,,,0.781314524990092,MISSENSE,MISSENSE,,,
TCGA-AA-3818,,,0.40949908629364,,,,,MISSENSE
TCGA-AA-3819,,,0.23685100937361497,,,,,
TCGA-AA-3821,,,0.773453055095966,MISSENSE,,,,
TCGA-AA-3831,,,0.46526069005908705,,,,,
TCGA-AA-3833,['G659fs'],['G659fs'],0.723281647651547,MISSENSE,,,TRUNCATING,
TCGA-AA-3837,,,0.40835364902865,,,,,
TCGA-AA-3841,,,0.355376595910642,,,,,
TCGA-AA-3842,,,0.4763921479129671,,,,,
TCGA-AA-3844,,,0.250227346614054,,,,,
TCGA-AA-3845,,,0.878855203274997,,MISSENSE,,,MISSENSE
TCGA-AA-3846,,,0.23536053688162398,,,,,
TCGA-AA-3848,,,0.352954878877351,,,,,
TCGA-AA-3850,,,0.40750956004805294,,,,,
TCGA-AA-3851,,,0.166493023651664,,,,,
TCGA-AA-3852,,,0.545851035523005,,,,,
TCGA-AA-3854,,,0.546249014994363,,,,,
TCGA-AA-3855,,,0.364048944239627,,,,,
TCGA-AA-3856,,,0.31485111298763396,,,,,
TCGA-AA-3858,,,0.3814426954025129,,,,,MISSENSE
TCGA-AA-3861,,,0.35173457016976,,,,,
TCGA-AA-3862,,,0.252884990561293,,,,,
TCGA-AA-3864,,,0.68581146571859,,,,,
TCGA-AA-3866,,,0.23491482955005802,,,,,
TCGA-AA-3867,,,0.282277772558132,,MISSENSE,,,
TCGA-AA-3869,,,0.19029167141869396,,,,,
TCGA-AA-3870,,,0.443505901284599,,,,,
TCGA-AA-3872,,,0.25075754933709804,,,,,
TCGA-AA-3875,,,0.30892055363975,,,,,
TCGA-AA-3877,,,0.808145914270325,MISSENSE,,,,
TCGA-AA-3930,,,0.466445698006557,,,,,
TCGA-AA-3939,,,0.21478477341110103,,,,,
TCGA-AA-3941,,,0.46376830651592704,,,,,
TCGA-AA-3947,"['G659fs', 'P441fs']",,0.781672528083452,MISSENSE,MISSENSE,MISSENSE,TRUNCATING,MISSENSE
TCGA-AA-3949,,,0.849060201752878,MISSENSE,,MISSENSE,,
TCGA-AA-3950,,,0.715405473885171,,,,,MISSENSE
TCGA-AA-3952,,,0.306677842604697,,,,,
TCGA-AA-3955,,,0.23105936194241503,,,,,
TCGA-AA-3966,['G659fs'],['G659fs'],0.761008053946148,MISSENSE,,,TRUNCATING,
TCGA-AA-3968,,,0.300265021346518,,,,,
TCGA-AA-3970,,,0.25012045395196103,,,,,
TCGA-AA-3971,,,0.25801125667003,,,,,
TCGA-AA-3973,,,0.25427624069360605,,,,,
TCGA-AA-3975,,,0.226158561761599,,,,,
TCGA-AA-3976,,,0.257442547077475,,,,,MISSENSE
TCGA-AA-3979,,,0.365100580625882,,,,,
TCGA-AA-3980,,,0.4333770249212439,,,,,
TCGA-AA-3982,,,0.267864816499992,,,,,
TCGA-AA-3984,,,0.42514504790865004,,,,,
TCGA-AA-3986,,,0.411641272722695,,,,,
TCGA-AA-3989,,,0.23471567526164497,,,,,
TCGA-AA-A004,,,0.404329233428426,,,,,
TCGA-AA-A00A,,,0.5823983227838441,,,,,
TCGA-AA-A00D,,,0.348026597165373,,,,,
TCGA-AA-A00E,,,0.78297964400861,,,,,
TCGA-AA-A00F,,,0.230317476847427,,,,,
TCGA-AA-A00J,,,0.845950074778506,,,,,
TCGA-AA-A00K,,,0.40007128520994395,,,,,
TCGA-AA-A00L,,,0.2946433518900611,,,,,
TCGA-AA-A00O,,,0.441302852355498,,,,,
TCGA-AA-A00Q,,,0.18719324628100897,,,,,
TCGA-AA-A00U,,,0.32724052145022103,,,,,
TCGA-AA-A00W,,,0.200702645759883,,,,,
TCGA-AA-A00Z,,,0.24323468830721698,,,,,
TCGA-AA-A010,,,0.5987438636589311,,,,,MISSENSE
TCGA-AA-A017,,,0.16707549812978797,,,,,
TCGA-AA-A01C,,,0.18602399570963896,,,,,
TCGA-AA-A01D,,,0.47114556515170497,,,,,
TCGA-AA-A01F,,,0.27576202250279497,,,,,
TCGA-AA-A01G,,,0.321177274689043,,,,,
TCGA-AA-A01I,,,0.31639179359251,,,,,
TCGA-AA-A01K,,,0.24423439644952,,,,,
TCGA-AA-A01P,,,0.692355038365286,MISSENSE,,,,MISSENSE
TCGA-AA-A01Q,,,0.686456609457031,,,,,
TCGA-AA-A01Z,,,0.348867421333337,,,,,
TCGA-AA-A022,['G659fs'],,0.760576136391715,MISSENSE,,,TRUNCATING,
TCGA-AA-A024,,,0.313595225528927,,,,,
TCGA-AA-A029,,,0.497395052652702,,,,,
TCGA-AA-A02E,,,0.240483680998315,,,,,
TCGA-AA-A02F,,,0.268270997578673,,,,,
TCGA-AA-A02H,,,0.238907968387218,,,,,
TCGA-AA-A02J,,,0.284720481134698,,,,,
TCGA-AA-A02K,,,0.157020007767933,,,,,
TCGA-AA-A02R,['G659fs'],['G659fs'],0.836869946344252,MISSENSE,MISSENSE,,TRUNCATING,
TCGA-AA-A02W,,,0.248776138844845,,,,,
TCGA-AA-A03F,,,0.45119955754070706,,,,,
TCGA-AA-A03J,,,0.241617431772502,,,,,
TCGA-AD-5900,['G659fs'],['G659fs'],0.738139925145822,MISSENSE,,MISSENSE,TRUNCATING,
TCGA-AD-6548,,,0.427871595331504,,,,,
TCGA-AD-6888,,,0.199344775793448,,,,,
TCGA-AD-6889,"['G659fs', 'R117fs']","['G659fs', 'R117fs']",0.747435623827434,MISSENSE,,,TRUNCATING,
TCGA-AD-6890,,,0.215096693151519,,,,,
TCGA-AD-6895,"['G659fs', 'R117fs']","['G659fs', 'R117fs']",0.7444318086193109,,MISSENSE,,TRUNCATING,
TCGA-AD-6899,,,0.308605811019223,,,,,
TCGA-AD-6901,,,0.30318106041030607,,,,,
TCGA-AD-6963,,,0.204858378562182,,,,,
TCGA-AD-6965,,,0.251494003714275,,,,,
TCGA-AM-5820,,,0.29044856184360196,,,,,
TCGA-AM-5821,,,0.762427699863185,MISSENSE,,,,
TCGA-AU-3779,,,0.165712904758642,,,,,
TCGA-AU-6004,['G659fs'],['G659fs'],0.7618935915406608,MISSENSE,,,TRUNCATING,
TCGA-AY-4070,,,0.275801698883458,,,,,
TCGA-AY-4071,,,0.230621225559999,,,,,
TCGA-AY-5543,,,0.200875835257524,,,,,
TCGA-AY-6196,,,0.595303932021177,MISSENSE,,,,
TCGA-AY-6197,,,0.7245334959472529,,MISSENSE,MISSENSE,,
TCGA-AY-6386,,,0.486980964612154,,,,,
TCGA-AY-A69D,,,0.24061832887824497,,,,,
TCGA-AY-A71X,,,0.39396438332901096,,,,,
TCGA-AY-A8YK,,,0.21062461864840198,,,,,
TCGA-AZ-4308,,,0.34353912782369705,,,,,
TCGA-AZ-4313,,,0.5598650010157521,,,,,
TCGA-AZ-4323,,,0.44438633403017996,,,,,
TCGA-AZ-4614,,,0.770826701797337,MISSENSE,,,,MISSENSE
TCGA-AZ-4615,['G659fs'],,0.8388498835312141,MISSENSE,MISSENSE,,TRUNCATING,
TCGA-AZ-4616,,,0.283917615204437,,,,,
TCGA-AZ-4681,,,0.23983883287443,,,,,
TCGA-AZ-4682,,,0.21329675408591603,,,,,
TCGA-AZ-4684,,,0.379228422852911,,,,,
TCGA-AZ-5403,,,0.24927101141127103,,,,,
TCGA-AZ-5407,,,0.348009358027509,,,,,
TCGA-AZ-6598,['G659fs'],['G659fs'],0.81890836698145,MISSENSE,,,TRUNCATING,
TCGA-AZ-6599,,,0.38270747073591205,,,,,
TCGA-AZ-6600,,,0.42327835393992996,,,,,
TCGA-AZ-6601,,,0.629315211232195,,,,,
TCGA-AZ-6603,,,0.21734816566951898,,,,,
TCGA-AZ-6605,,,0.19758314128784601,,,,,
TCGA-AZ-6606,,,0.47574477148867295,,,,,
TCGA-AZ-6607,,,0.559898917816397,,,,,
TCGA-AZ-6608,,,0.149161838631519,,,,,
TCGA-CA-5254,,,0.437871134569275,,,,,
TCGA-CA-5255,,,0.4030818328416721,,,,,
TCGA-CA-5256,,,0.24108701155654602,,,,,
TCGA-CA-5796,['L17*'],,0.609109985673745,,,,TRUNCATING,
TCGA-CA-5797,,,0.190459762461236,,,,,
TCGA-CA-6715,,,0.216893202384527,,,,,
TCGA-CA-6716,,,0.328891111278145,,,,,
TCGA-CA-6719,,,0.200516172549135,,,,,
TCGA-CK-4947,,,0.498207589986909,,,,,
TCGA-CK-4948,,,0.316562939381009,,,,,
TCGA-CK-4950,,,0.49605644907288393,,,,,
TCGA-CK-4951,['G659fs'],,0.797137547348109,MISSENSE,,MISSENSE,TRUNCATING,
TCGA-CK-4952,,,0.7037551592480851,MISSENSE,,,,
TCGA-CK-5912,,,0.18919243427823898,,,,,
TCGA-CK-5913,"['G659fs', 'R117fs']","['G659fs', 'R117fs']",0.843756496020926,,MISSENSE,MISSENSE,TRUNCATING,
TCGA-CK-5914,,,0.1465909808359,,,,,
TCGA-CK-5915,,,0.45542812054033005,,,,,
TCGA-CK-5916,"['P118fs', 'C119fs']",['P118fs'],0.816098282145585,,,,TRUNCATING,
TCGA-CK-6746,,,0.870673729478845,MISSENSE,,,,
TCGA-CK-6747,['V299fs'],,0.541043689920035,MISSENSE,,,TRUNCATING,
TCGA-CK-6748,,,0.23500116521191,,,,,
TCGA-CK-6751,,,0.6767050700125911,,,MISSENSE,,
TCGA-CM-4743,['G659fs'],['G659fs'],0.8070051789297579,,MISSENSE,,TRUNCATING,
TCGA-CM-4744,,,0.398486181174805,,,,,
TCGA-CM-4746,,,0.286438743482201,,,,,
TCGA-CM-4747,,,0.19533759051633398,,,,,
TCGA-CM-4748,,,0.4980028044842751,,,,,
TCGA-CM-4750,,,0.24813900807788603,,,,,
TCGA-CM-4751,,,0.42330355521858903,,,,,
TCGA-CM-4752,,,0.176815594263756,,,,,
TCGA-CM-5341,,,0.29061555658240995,,,,,
TCGA-CM-5344,,,0.264514850101255,,,,,
TCGA-CM-5348,,,0.30759274387667795,,,,,
TCGA-CM-5349,,,0.250122813134314,,,,,
TCGA-CM-5860,,,0.27866293360711,,,,,
TCGA-CM-5861,['G659fs'],['G659fs'],0.800800652975682,MISSENSE,,,TRUNCATING,
TCGA-CM-5862,,,0.240630059853315,,,,,
TCGA-CM-5863,,,0.473105625748006,,,,,
TCGA-CM-5864,,,0.30441627435044205,,,,,
TCGA-CM-5868,,,0.227699505112075,,,,,
TCGA-CM-6161,,,0.331312694883532,,,,,
TCGA-CM-6162,['R145*'],,0.6531408570217271,,,MISSENSE,TRUNCATING,
TCGA-CM-6163,,,0.254659563967247,,,,,
TCGA-CM-6164,,,0.22171945970250198,,,,,
TCGA-CM-6165,,,0.35550095577356006,,MISSENSE,,,
TCGA-CM-6166,,,0.154123490991254,,,,,
TCGA-CM-6167,,,0.416928671406803,,,,,
TCGA-CM-6168,,,0.6571030578272989,,,,,
TCGA-CM-6169,,,0.281113488834909,MISSENSE,,,,
TCGA-CM-6170,,,0.18982787422238398,,,,,
TCGA-CM-6171,['G659fs'],['G659fs'],0.865640950872736,MISSENSE,,,TRUNCATING,
TCGA-CM-6172,,,0.18416104556152302,,,,,
TCGA-CM-6674,"['V299fs', 'R117fs']",['R117fs'],0.79731449434109,,MISSENSE,,TRUNCATING,
TCGA-CM-6675,,,0.298990951428843,,,,,
TCGA-CM-6676,,,0.288948551828028,,,,,
TCGA-CM-6677,,,0.404862846989246,,,,,
TCGA-CM-6678,,,0.37790550746355295,,,,,
TCGA-CM-6679,,,0.143261436245982,,,,,
TCGA-CM-6680,,,0.36905332758766496,,,,,
TCGA-D5-5537,,,0.195726639212812,,,,,
TCGA-D5-5538,,,0.331685467113175,,,,,
TCGA-D5-5539,,,0.24558357322240398,,,,,
TCGA-D5-5540,,,0.19479943015632198,,,,,
TCGA-D5-5541,,,0.28323905203952005,,,,,
TCGA-D5-6529,,,0.38745244694871595,,,,,
TCGA-D5-6530,,,0.787522501299451,,,,,MISSENSE
TCGA-D5-6531,,,0.478275627550972,,,,,
TCGA-D5-6532,,,0.260660428899774,,,,,
TCGA-D5-6533,,,0.263684143295005,,,,,
TCGA-D5-6534,,,0.46148435978015295,MISSENSE,,,,
TCGA-D5-6535,,,0.217019461473182,,,,,
TCGA-D5-6536,,,0.353203681557373,,,,,
TCGA-D5-6537,,,0.286378319383633,,,,,
TCGA-D5-6538,,,0.452287120011622,,,,,
TCGA-D5-6539,,,0.319782657397432,,,,,
TCGA-D5-6541,,,0.31430479268666,,,,,
TCGA-D5-6898,,,0.349220554252569,,,,,
TCGA-D5-6920,,,0.49227947234822705,,,,,
TCGA-D5-6922,,,0.269103268484716,,,,,
TCGA-D5-6923,,,0.29872555302260806,,,,,
TCGA-D5-6924,,,0.315451471202705,,,,,
TCGA-D5-6926,,,0.192556957702262,,,,,
TCGA-D5-6927,,,0.7505636012968421,,,MISSENSE,,
TCGA-D5-6928,['G659fs'],['G659fs'],0.73149218189157,MISSENSE,,,TRUNCATING,
TCGA-D5-6929,,,0.13967771240901503,,,,,
TCGA-D5-6930,['G659fs'],,0.8066631541382091,MISSENSE,,,TRUNCATING,
TCGA-D5-6931,,,0.5400329500038611,,,,,
TCGA-D5-6932,,,0.276122681827335,,,,,
TCGA-D5-7000,,,0.668411786056383,,,,,
TCGA-DM-A0X9,,,0.401332853311873,,,,,
TCGA-DM-A0XD,,,0.279930703057507,,,,,
TCGA-DM-A0XF,,,0.167991925517952,,,,,
TCGA-DM-A1D0,,,0.19930188989593398,,,,,
TCGA-DM-A1D4,,,0.200656548692072,,,,,
TCGA-DM-A1D6,,,0.32321326186995597,,,,,
TCGA-DM-A1D7,,,0.274418169092986,MISSENSE,,,,MISSENSE
TCGA-DM-A1D8,,,0.519938546723693,,MISSENSE,,,
TCGA-DM-A1D9,,,0.270634281563225,,,,,
TCGA-DM-A1DA,,,0.652126944996558,MISSENSE,,,,
TCGA-DM-A1DB,,,0.122988002172219,,,,,
TCGA-DM-A1HA,,,0.20323506074085101,,,,,
TCGA-DM-A1HB,,,0.7409419847454041,MISSENSE,,,,
TCGA-DM-A280,,,0.392565516269799,,,,,
TCGA-DM-A282,,,0.178986227160323,,,,,
TCGA-DM-A285,,,0.167576390460955,,,,,
TCGA-DM-A288,,,0.296655648764854,,,,,
TCGA-DM-A28A,,,0.21077834913156301,,,,,
TCGA-DM-A28C,,,0.36304155243575,MISSENSE,,,,
TCGA-DM-A28E,,,0.287867874170177,,,,,
TCGA-DM-A28F,,,0.20376371309926,,,,,
TCGA-DM-A28G,,,0.357608565196739,,,,,
TCGA-DM-A28H,,,0.223805896729118,,,,,
TCGA-DM-A28K,,,0.43056951372191,,,,,
TCGA-DM-A28M,,,0.32608149583948903,,,,,
TCGA-F4-6459,,,0.206588750715232,,,,,
TCGA-F4-6460,,,0.136504635424913,,,,,
TCGA-F4-6461,,,0.6419618290035191,,,,,
TCGA-F4-6463,,,0.428315487785883,,,,,
TCGA-F4-6569,,,0.4373955425788821,,,,,
TCGA-F4-6570,,,0.840742195917618,MISSENSE,,MISSENSE,,
TCGA-F4-6703,,,0.5092241791558361,,,,,
TCGA-F4-6704,,,0.518334415405333,,,,,
TCGA-F4-6805,,,0.42039513574479603,,,,,
TCGA-F4-6806,,,0.252586990879108,,,,,
TCGA-F4-6807,,,0.340958709722303,,,,,
TCGA-F4-6808,,,0.20720139222894698,,,,,
TCGA-F4-6809,,,0.30346741697183,,,,,
TCGA-F4-6854,,,0.34776597166865997,,MISSENSE,,,
TCGA-F4-6855,,,0.32558639851934,,,,,
TCGA-F4-6856,['R117fs'],['R117fs'],0.7026654597051459,,,,TRUNCATING,
TCGA-G4-6293,,,0.28647497082323997,,,,,
TCGA-G4-6294,,,0.17771149813199397,,,,,
TCGA-G4-6295,,,0.46170640352135206,,,,,MISSENSE
TCGA-G4-6297,,,0.364895816712068,,,,,
TCGA-G4-6298,,,0.277283741394105,,,,,
TCGA-G4-6299,['H295fs'],['H295fs'],0.743366859677251,MISSENSE,,,TRUNCATING,
TCGA-G4-6302,['G659fs'],['G659fs'],0.6532726863803829,MISSENSE,,,TRUNCATING,
TCGA-G4-6303,,,0.30017988915387,,,,,
TCGA-G4-6304,,,0.73489028694498,,MISSENSE,,,MISSENSE
TCGA-G4-6306,,,0.183715960715668,,,,,
TCGA-G4-6307,,,0.16381872331542802,,,,,
TCGA-G4-6309,['G659fs'],['G659fs'],0.683147833520667,,,,TRUNCATING,
TCGA-G4-6310,,,0.19636212990991198,,,,,
TCGA-G4-6311,,,0.19119145846313,,,,,
TCGA-G4-6314,,,0.30342504114570196,,,,,
TCGA-G4-6315,,,0.254933188113253,,,,,
TCGA-G4-6317,,,0.131057814733804,,,,,
TCGA-G4-6320,,,0.581977703884231,,,,,
TCGA-G4-6321,,,0.5776664548033029,MISSENSE,,,,
TCGA-G4-6322,,,0.34460501799402504,,,,,
TCGA-G4-6323,,,0.30187026793097493,,,,,
TCGA-G4-6586,['R117fs'],['R117fs'],0.772357498151978,MISSENSE,,,TRUNCATING,
TCGA-G4-6588,['G659fs'],['G659fs'],0.8745134583753329,MISSENSE,,MISSENSE,TRUNCATING,
TCGA-G4-6625,,,0.289507590764478,,,,,
TCGA-G4-6626,,,0.19093730391692396,,,,,
TCGA-G4-6627,,,0.39901579967011697,,,,,
TCGA-G4-6628,['G659fs'],['G659fs'],0.867108839779286,MISSENSE,,,TRUNCATING,
TCGA-NH-A50U,,,0.211600093960387,,,,,
TCGA-NH-A5IV,['G659fs'],,0.775728877544036,,,MISSENSE,TRUNCATING,MISSENSE
TCGA-NH-A6GA,,,0.298854292775542,,,,,
TCGA-NH-A6GB,,,0.338311408373942,,,,,
TCGA-NH-A6GC,,,0.27701100265712103,,,,,
TCGA-NH-A8F7,,,0.177315443007682,,,,,
TCGA-NH-A8F8,,,0.18257267625695198,,,,,
TCGA-QL-A97D,,,0.328021076888364,,,,,
TCGA-RU-A8FL,,,0.275143781694781,,,,,
TCGA-SS-A7HO,,,0.268005853889719,,,,,
TCGA-T9-A92H,,,0.12515025004575803,,,,,
TCGA-WS-AB45,['G659fs'],,0.7052693319593578,,MISSENSE,MISSENSE,TRUNCATING,
