,baseMean,log2FoldChange,lfcSE,stat,pvalue,padj
SOX4,4315.14596628269,0.553184407636569,0.0396879775852225,13.938337030369198,3.70471887903402e-44,5.06720049139261e-41
KCTD12,3154.2088502988204,0.685663358465881,0.0510505921107147,13.4310559411116,3.9769983009846204e-41,4.55694108200744e-38
RFWD3,4277.103995384121,-0.6437110911427328,0.0499467502408526,-12.8879474247801,5.262587038343499e-38,4.455907625180279e-35
VASH1,2240.00058284118,0.57536838990401,0.0463274447328724,12.4196012368398,2.0457863238104695e-35,1.65346030107609e-32
VPS11,1405.9951537481,-0.6709506593175429,0.0557547173219683,-12.033971142620699,2.35552221392758e-33,1.7451475202435902e-30
NECTIN4,186.900347765081,-1.90153156735759,0.15913490870185698,-11.9491793652903,6.556948389761359e-33,4.66356397273387e-30
INPP5B,1440.16452214943,-0.7099564718009351,0.0599065396273834,-11.8510679504582,2.1246567750255098e-32,1.3992045228418e-29
PYCR1,8059.07845853355,0.5706769353872281,0.0509408870637692,11.2027286582748,3.9536493212966293e-29,2.06764231123457e-26
STXBP2,1503.9439878392902,-0.656204518393026,0.0595473674415063,-11.019874540005802,3.0648595041479598e-28,1.39734017546807e-25
GFM2,1729.76837459792,-0.6871618934104949,0.0633120543206665,-10.8535712635404,1.9178244996161498e-27,7.577963872816619e-25
CA2,4023.4860231034795,0.735314903267779,0.0691941466276563,10.626836793357901,2.23567070311202e-26,7.80284632464132e-24
NEMP1,4884.5246635106705,-0.5490251336101339,0.0517321425683139,-10.6128435118482,2.59722339176031e-26,8.71343945828115e-24
CTPS1,5402.46911199261,0.5976356193258879,0.0574103369810601,10.409895686957,2.2346638162263397e-25,7.224464966603741e-23
PRDX4,4230.918398272629,0.539264199996939,0.0520569857541779,10.3591130409171,3.8047370934457897e-25,1.20807196890285e-22
UBR2,2216.0733848037303,-0.583783201904878,0.0576505405601074,-10.1262398623343,4.22588531203475e-24,1.22466926612719e-21
AC240274.1,1873.2803959292899,-0.563960272728455,0.0558024379957295,-10.106373359020902,5.17651268137974e-24,1.46100907916846e-21
TSC22D3,12109.826734419199,0.6228111989508779,0.06271258217954001,9.93120004479852,3.04567717643923e-23,7.41851861291314e-21
LIF,286.154316244289,-1.51533091885507,0.156533477076297,-9.68055490210873,3.64730933223889e-22,8.1195570761788e-20
TRAFD1,1808.79204003855,-0.692680348597261,0.0715860272035275,-9.67619486171358,3.80619188062434e-22,8.3552960283187e-20
GPCPD1,565.7616056436029,-1.1578616006941398,0.120468883448633,-9.61129187511598,7.16443714730514e-22,1.49871596372038e-19
RANBP10,1218.1836369422501,-0.6791798460323851,0.070999614979551,-9.56596519893804,1.11159348821804e-21,2.29828416441918e-19
INSIG1,3943.0829145909706,1.15438919119721,0.120763633935431,9.559079613440801,1.1880855556877e-21,2.42820106502102e-19
HES1,1219.4491098691,0.579247310264824,0.0612662857988665,9.45458505786458,3.2430566724443893e-21,6.13455220135465e-19
TRAIP,1040.74889316643,-0.5953732699131921,0.0630936252074357,-9.43634587417916,3.86006428564947e-21,7.22482137506665e-19
TOX4,2479.51878719423,-0.6488694413470849,0.0691667775536224,-9.38122989529245,6.52075976477933e-21,1.19531576677878e-18
TRIM23,1161.58395506741,-0.5907542691990029,0.0631849909035583,-9.34959807307236,8.798142027458491e-21,1.56439763390239e-18
SAT1,1718.1438009909803,0.9195944687170251,0.0989030414695621,9.29793922464998,1.4319404628776297e-20,2.5209240960818997e-18
ZNF326,3047.59100261036,-0.511708033768424,0.0563703834732698,-9.07760427088578,1.10990876318039e-19,1.8273414553806e-17
TBCE,2047.30215771429,-0.631678971527459,0.0696067875487797,-9.07496228129742,1.13716881408223e-19,1.8381816984723697e-17
IGFBP5,1320.24720437407,0.8232382126988441,0.0909013560576382,9.05639088790766,1.34838205990066e-19,2.1406769113476397e-17
TMEM109,3696.5922612230797,0.549590426412845,0.0608059036809466,9.03843859136754,1.58925564369979e-19,2.45726561744573e-17
POC5,594.579241367627,-0.840395181140731,0.0949113462088452,-8.85452809078807,8.403859973535049e-19,1.20392288534319e-16
TYW5,575.702482407024,-0.7075026553038021,0.0799100457662942,-8.85373858216741,8.463548769354841e-19,1.20392288534319e-16
DHCR7,2692.1418799725,0.561803812087844,0.0640314833931436,8.77386845215584,1.72630886740755e-18,2.3431677840743303e-16
FJX1,614.218772854572,0.726567883180032,0.0829682370578423,8.757181168903179,2.0019374889929898e-18,2.65645152923763e-16
PCDH10,1997.12571597839,0.579761478704885,0.0663361265720096,8.73975477111311,2.33616975551141e-18,3.07699514242581e-16
ZNF274,1310.57305342488,-0.622912601866384,0.0715122063249427,-8.71057731089913,3.0233104140754e-18,3.95275606416726e-16
NRARP,797.218692077945,0.836812686176832,0.0962087479601294,8.69788562806806,3.3812507089375397e-18,4.3253250975265e-16
TIMM23B,794.6683467330969,-0.6167163470483029,0.0715356696826016,-8.6211025881861,6.6312466408537896e-18,8.021101804151099e-16
APRT,4181.240942291571,0.599404956001885,0.0696135040705556,8.61046953468062,7.27619352303836e-18,8.74175655629359e-16
EMSY,1485.70246574922,-0.546465155012981,0.0634794012944205,-8.60854298985036,7.399500962528e-18,8.7713684409807e-16
GJA1,1925.10176882751,0.57718720080058,0.06727489212727,8.57953364991894,9.525855111283329e-18,1.0998651281411e-15
SLC37A4,2867.9655508580604,0.509910161035337,0.0599529377429132,8.50517389526274,1.8132360213967996e-17,2.0682636292406697e-15
FAM84B,3674.99144919854,0.678163559228644,0.0799332160252863,8.48412703692682,2.1734420879583703e-17,2.4459477067080896e-15
ARVCF,1354.68838666806,-0.6387228033030831,0.0755853563886216,-8.45035115028225,2.9042797364242204e-17,3.22756237458494e-15
YDJC,3917.7053715237203,0.574567618023833,0.068314975292335,8.41056613963674,4.08036398597814e-17,4.45110135182069e-15
FUT11,743.293321577413,0.5718651994033521,0.0682550191970906,8.37836112465306,5.36697593577427e-17,5.74880717554231e-15
STMN2,387.977213640277,0.967078116309803,0.11564894093465598,8.362187396564421,6.156594855534529e-17,6.4775392382402005e-15
ZBTB48,1035.51458468065,-0.524174652897777,0.0635639992527718,-8.24640770026627,1.6322710539199597e-16,1.6490574778267502e-14
ACTA2,337.11962282282,-1.09940073029259,0.13415540302509402,-8.19497914733221,2.5063661048378496e-16,2.4588129316521e-14
CA8,906.5805351925661,0.770919091892902,0.0941260199551297,8.190286726883839,2.60604581136503e-16,2.5321366432722196e-14
NDRG1,1762.33761543466,0.557419790849774,0.0682274006747974,8.17002824871914,3.08317254210853e-16,2.94741349307698e-14
RCOR3,1311.8782428240402,-0.6294864675761159,0.0774640999710796,-8.126170288057681,4.4306646722869295e-16,4.0609097184501996e-14
CCDC130,1118.25034881945,-0.623797218207599,0.0770174996469799,-8.09942183356845,5.522099394770861e-16,5.009614762164321e-14
DHCR24,4194.32674365583,0.692557814143564,0.0857731895367491,8.074292420323731,6.78690514633832e-16,6.09315697519564e-14
CEP89,1244.03056573968,-0.571690620704021,0.070865981215717,-8.067208142702299,7.1923873988236e-16,6.39394384361523e-14
CYR61,627.9880373822799,0.629851142525626,0.0781168164880482,8.062939208768091,7.44815678428717e-16,6.556221573337129e-14
AGAP2,827.625809411799,0.5707964076423261,0.0708388877677941,8.057670378921879,7.77621652834456e-16,6.81127616209333e-14
ZNF84,797.010884321561,-0.7271850339606529,0.0908946444007929,-8.000306715037981,1.24109669906369e-15,1.0712592430122099e-13
TFRC,5015.50612860907,0.51055567086163,0.0640642347112243,7.96943369671093,1.5940312333817402e-15,1.3496890171790898e-13
MBTD1,2207.06386944341,-0.532363428690432,0.0668516456617734,-7.9633556275316,1.6743534545475499e-15,1.4043244705334902e-13
TEX10,1972.24606956084,-0.6582831656596021,0.0826921992292581,-7.960644072780791,1.7114604507595501e-15,1.42870790023266e-13
RSAD1,2336.838797577,0.507240733023444,0.0638338369600111,7.94626732748661,1.9221539256877502e-15,1.5896659977978602e-13
CCDC28A,995.007350532731,-0.537695226417907,0.0676780141411409,-7.944902539494691,1.94343523086284e-15,1.5998250851839003e-13
STYXL1,632.7747649935881,-0.5621915068600201,0.0711513555616841,-7.901346396311901,2.7590671123791597e-15,2.2198630011409e-13
ZFAND2A,421.906403318137,-0.702149658696298,0.0888735895204252,-7.900543485249099,2.77689938503552e-15,2.2241463047439898e-13
C12orf4,967.274304733902,-0.543933345831805,0.0689914031385928,-7.884074262689349,3.16875805778513e-15,2.50416386779899e-13
ADAMTS1,6789.79538687628,1.0418604035365502,0.13284831604802003,7.84248106810745,4.41730343908136e-15,3.41495967175242e-13
LRRC40,2315.40312335615,-0.5263612537912921,0.0673049543839082,-7.82054246391612,5.2596185697028e-15,3.9796288420376796e-13
ZNF829,372.801602603271,-0.7834276088373711,0.10019540744447099,-7.818997185789731,5.32458007583792e-15,4.01171009866415e-13
MFSD3,1085.68698577842,0.645046404249017,0.0831477945426426,7.757829390389941,8.639526576467381e-15,6.32178691589162e-13
TRIP4,560.003373345402,-0.675546508892782,0.0875385401910823,-7.7171324472417995,1.18976003476302e-14,8.599643568341969e-13
SACS,2427.54804599121,0.60432936305409,0.0784000715806918,7.70827565421411,1.27529061284319e-14,9.14352515603421e-13
CLK4,661.1618770099,-0.6212046774634999,0.0808448027682931,-7.683916048925441,1.5429779812484698e-14,1.09305543763263e-12
CBWD7,341.882891154169,-0.841784918016266,0.109932869168032,-7.65726324062005,1.8993706095245e-14,1.33823146725578e-12
CCDC93,2158.8147842831,-0.566886537025314,0.0741946074416059,-7.6405355668398895,2.16320028401303e-14,1.5143253641746298e-12
MATK,1434.34053431072,0.5934786010113051,0.0777119132839347,7.636906311171661,2.2250328515619898e-14,1.55150231896563e-12
SHC1,1349.56454929468,-0.53747490883136,0.0704438164457424,-7.6298380177249,2.35048857968665e-14,1.6325795873206398e-12
GGNBP2,2599.8925875126,-0.5686762080291159,0.0751242394654503,-7.56980985199391,3.73770922075878e-14,2.50793236431366e-12
KCNN4,37.541624111504895,-2.5468348444457902,0.337258213209825,-7.551587314083519,4.2998512497050695e-14,2.86350768056202e-12
KIAA1468,940.79589823982,-0.8072103903383149,0.106974444070815,-7.545824587823559,4.49434641717524e-14,2.96334257110503e-12
SYF2,1455.3641061005999,-0.558066774205529,0.07395673258863901,-7.545854916409019,4.4933005079566997e-14,2.96334257110503e-12
BTN3A2,676.984286779896,0.6949367061476011,0.0923089114127819,7.5283815561427305,5.13730880082505e-14,3.34602519368023e-12
EGFL7,1321.22727913827,0.553431438500442,0.0741705444190301,7.46160679870171,8.54736390792424e-14,5.506546291550759e-12
TMEM132A,2411.65302447883,0.6235744891555141,0.083916476998036,7.430894521109459,1.0786570398382901e-13,6.8991369875412305e-12
EDA2R,137.093957222124,-1.2618050520508302,0.170126613468722,-7.416858693203911,1.19930782083992e-13,7.61603298655524e-12
HES2,138.32418954077,1.26085538396125,0.17024930172337197,7.4059357142617905,1.30228912012878e-13,8.15352212852458e-12
ZNF557,532.910041407843,-0.650004798382555,0.0878487148024716,-7.39913839199692,1.37070943357904e-13,8.4334202209235e-12
B4GALNT1,1025.13775125193,0.703164825330032,0.0950481293039874,7.39798700383821,1.3826437876302804e-13,8.448381164211021e-12
RPS27L,658.408976885813,-0.6294730986623449,0.0854405234126553,-7.36738345599962,1.74009438856733e-13,1.04883451942765e-11
ELL,1025.2631835343302,-0.506584247707307,0.06884962964113701,-7.35783547925766,1.8691620977032502e-13,1.1190428033421401e-11
RITA1,2119.48815274454,0.511718768060358,0.0695946084257143,7.3528507399617,1.9402356157234698e-13,1.1499776494393e-11
NT5C2,1755.6943633700303,-0.538985336898666,0.0734450367977192,-7.338621646866731,2.15804714720518e-13,1.2664104397510003e-11
NPTX2,782.946680146393,0.586348935576138,0.0805405140192301,7.2801737450563095,3.33390519696112e-13,1.93726040219496e-11
SAPCD2,1653.6105211259803,0.6527680734955511,0.0900267977740577,7.25081964076761,4.14257013989166e-13,2.3458292884526603e-11
STK19,821.651989335934,-0.503319575328452,0.0699679632486022,-7.1935719143362,6.311788339262111e-13,3.47461016905324e-11
CEP95,1877.67393621599,-0.689476430942464,0.0960522747055852,-7.17813745750232,7.066749343313159e-13,3.8782058664645496e-11
HOXB3,821.9500601477021,-0.558329370549934,0.0778774779476784,-7.1693304054484805,7.53654670079515e-13,4.12330267344119e-11
SLC44A5,652.036405663883,-0.571860812435482,0.0798006046206059,-7.16612129888322,7.71524199645853e-13,4.2081201821787996e-11
CST3,1624.6395791593802,0.521997640070426,0.0729873577434217,7.151891179640269,8.55904109303817e-13,4.63988749010096e-11
TMEM87B,467.734450857134,-0.666304256322944,0.0934696270679694,-7.128564403476441,1.0142114191794301e-12,5.41552349682566e-11
GAS1,568.327837126778,0.6032992787165821,0.0846960330333439,7.12311140332947,1.0551746340337201e-12,5.61738328375858e-11
ACTR10,1238.09277089009,-0.637803158588598,0.0896022215523669,-7.118162335024719,1.09375506252585e-12,5.7881127282059706e-11
LRRC37B,634.801868621372,-0.533385650234404,0.0750812179857816,-7.10411557701971,1.2109548704820502e-12,6.3516190419001e-11
EAPP,775.219308611723,-0.508524175848534,0.0716367477769521,-7.09864966835,1.25981707071053e-12,6.58847274538351e-11
ID1,245.233304700949,1.0330273465575601,0.145978774773038,7.076558548759349,1.47778334980842e-12,7.68317711781974e-11
FN1,2505.2814790098396,0.617903102148171,0.0873398818847042,7.07469587563507,1.49776869476634e-12,7.76438051359775e-11
IL27RA,766.318020164532,0.676137877185368,0.0960394355812487,7.04021085810485,1.91949133374433e-12,9.614218424030391e-11
GPM6B,807.872450831169,0.561373247306283,0.0805297782044132,6.971002029601,3.14691431474542e-12,1.50822866389457e-10
C20orf194,642.801688332114,-0.532452964491151,0.0766188366104281,-6.949374175418921,3.669102005772681e-12,1.7213800201753003e-10
RBM4,4268.78833541921,-0.543059058743953,0.0781527898538347,-6.948684234556559,3.6870877213453405e-12,1.7252659677168798e-10
PROCR,1251.78389899769,0.712956497354947,0.102857425984087,6.93150242224849,4.16394323628632e-12,1.9268111571023798e-10
FBXO8,610.83405097919,-0.6721915218624671,0.0976502388470896,-6.88366490239774,5.8332001268584696e-12,2.6478574767783e-10
FZD9,274.039863001679,0.7165124440165591,0.10409037816702198,6.88356077318555,5.83746769527638e-12,2.6478574767783e-10
OAF,930.488690226486,0.505175830120161,0.0734489665631211,6.877916106362361,6.07344171786584e-12,2.74788466120541e-10
IFT43,659.307426302623,-0.500215472820818,0.0729951587389997,-6.852721214147639,7.245821227048299e-12,3.22902123403874e-10
EPHA8,335.522945878194,0.7261900545666701,0.106022219270791,6.849413826283981,7.41532010890594e-12,3.29629517141141e-10
FZD8,467.922780867553,0.562417321929093,0.0822884897248792,6.83470220208758,8.21755534853188e-12,3.62571592189194e-10
GTF2IP20,1522.20721345384,-0.5989171276097889,0.0878763297081475,-6.815454509751331,9.396620502652539e-12,4.1051918711957e-10
UBXN8,306.190644344538,-0.782936393125113,0.115134512680765,-6.80018853509174,1.04482325877942e-11,4.5312200888675096e-10
SLC22A17,481.137487640257,1.04158523642115,0.153536996938142,6.7839364921328,1.16944752457879e-11,5.02269237549166e-10
PRMT9,570.870053707206,-0.5861962650386221,0.0870726320771537,-6.732267660396481,1.67038991426709e-11,6.907256526879801e-10
CITED1,434.95103022569197,0.67688044893452,0.10077823090370099,6.7165343434269404,1.8609746365165398e-11,7.62442166172826e-10
ZSWIM5,509.262372465654,-0.608003099438736,0.0908061911469943,-6.695612840478231,2.14769644542827e-11,8.71876495346122e-10
RNF25,964.372293085365,-0.602575781096157,0.0900661814243411,-6.6903667010946,2.22612054773874e-11,9.016548851786471e-10
DNAJC27,380.95882642822096,-0.668700000347433,0.0999601390097539,-6.68966657081362,2.23679651776274e-11,9.039199745986211e-10
GAB2,672.491821583655,-0.5480990477151261,0.081955734419786,-6.6877449344508895,2.26635693387004e-11,9.13788948778756e-10
TMEM260,502.44554284762495,-0.721267583163178,0.10817019401663801,-6.667895807344481,2.5949689480597396e-11,1.02308520765965e-09
ZMYM5,614.824531171141,-0.7092339206490441,0.10636146270561699,-6.6681474907131895,2.59052383646553e-11,1.02308520765965e-09
OSBPL7,244.20518687623502,-0.9416704178351719,0.14140776998944699,-6.65925513078558,2.75218823421327e-11,1.07789997780939e-09
ISOC2,1014.6393690473,0.653503195649855,0.0986123161181112,6.6269936796447695,3.42592295884524e-11,1.32426817676581e-09
SEMA4F,540.88537676677,0.6468687979458001,0.0977168891786342,6.619825941892951,3.59622060519766e-11,1.3870802295232e-09
CCDC66,1074.5743016635001,-0.5906054593865661,0.08936541897227197,-6.60888144629879,3.8723466012644794e-11,1.4871316396778302e-09
RAD52,702.81265676403,-0.500217348349833,0.0757036268543163,-6.607574420608,3.90667811114783e-11,1.4970828339293e-09
ATG14,658.418986491571,-0.5224152702510579,0.0793185170280201,-6.58629648946298,4.50932918433666e-11,1.7132560304848298e-09
KDELR3,789.922957199608,0.564190470823797,0.0858220370301101,6.5739580455991105,4.89950421566173e-11,1.8418199674139801e-09
ZSCAN30,985.313738058632,-0.595393372188442,0.0906817402349268,-6.56574709137663,5.1772623923746797e-11,1.92991410060407e-09
DBI,1091.40233785276,0.5090135496276671,0.0776459927216409,6.555567541682009,5.5430653235842e-11,2.04060547657662e-09
SOWAHA,509.145415062572,0.596217023269587,0.0915898062674167,6.50964389561869,7.53291657306364e-11,2.7279590546974498e-09
FOSB,228.903765574983,1.2810885378251,0.19743789433370101,6.48856463015077,8.665798214365909e-11,3.11285975857859e-09
COL5A1,1025.0408127579901,0.503049586313645,0.0776603619450399,6.477559126876759,9.321824929584941e-11,3.32834074443674e-09
C10orf76,1271.60386473915,-0.505256673140063,0.0780251543793788,-6.475561338634111,9.44601037117955e-11,3.36592205230348e-09
CLK3,2235.3799769763395,-0.525939029790032,0.0817653606988301,-6.43229633300642,1.2569038895486902e-10,4.365040636731479e-09
SLU7,2574.74215423404,-0.545181115029662,0.0847719713263331,-6.43114824982617,1.26643565287233e-10,4.38559548374815e-09
EFCAB7,491.951058927292,-0.650682321475016,0.101473220350416,-6.41235509455624,1.4328860088187e-10,4.86408750040195e-09
KLC4,961.965280045256,-0.5356662437696621,0.0836404362412792,-6.404393231814519,1.50968555123646e-10,5.07442699178364e-09
LYSMD1,782.618941116873,-0.5287285356974171,0.0826402336462166,-6.3979554796626905,1.57471182992179e-10,5.2730604609867e-09
ALKBH1,704.017755667157,-0.502109698764172,0.0785652425417174,-6.39099024606914,1.64814896662886e-10,5.4982620592172204e-09
SESN1,990.2722368441271,-0.518724591226159,0.0812631354269419,-6.3832706983415495,1.73345083258445e-10,5.7612129447073e-09
TTC25,270.523738550298,-0.6688489516166899,0.104890614643856,-6.37663297033477,1.81023584710694e-10,6.0051872383224795e-09
SEC24B,2024.7455764570002,-0.5191072006982,0.0815033135791923,-6.36915455214974,1.90073004505158e-10,6.27029330817481e-09
C3orf52,410.83846455629094,0.549984106965632,0.0864649462568462,6.360775444558669,2.0073773170537699e-10,6.60984742120984e-09
KSR1,1061.2296031477802,-0.5821822262454929,0.0916862773044023,-6.34972040922355,2.15706605409105e-10,7.063497515247321e-09
TTC30A,178.391054160247,-0.889217434514226,0.140035860707216,-6.34992658325841,2.1541770963530201e-10,7.063497515247321e-09
DUSP4,180.473074558069,0.8399701695747951,0.13241241013785698,6.343590972328711,2.24470318023565e-10,7.31008557651466e-09
CYB5A,725.8636672302749,0.505206687232394,0.0799870042790416,6.31610962038203,2.68229819258922e-10,8.624583031180642e-09
MARCH7,3485.8535533801696,-0.598969148512542,0.0951928848373127,-6.292163007100769,3.13072462295009e-10,9.9762391614114e-09
LRSAM1,1076.42402262121,-0.5413355926049841,0.0860604746835468,-6.29017669953054,3.1710481171029403e-10,1.00686440303942e-08
ST7L,972.3558185786211,-0.529330879801739,0.0843718218337769,-6.273787483747681,3.52369388316983e-10,1.1030774812789199e-08
POMZP3,386.16926998942705,-0.5959139112435671,0.0950842889658931,-6.267217410200349,3.6755681602862597e-10,1.14658381505351e-08
PIBF1,1223.47049260068,-0.8787065848053158,0.14072398795869698,-6.24418478719646,4.26016112335435e-10,1.3172126387873798e-08
NEURL1B,346.41201947580396,0.762818301885637,0.122182679536498,6.2432605405234005,4.2854217846686896e-10,1.31832326562619e-08
PCDH17,180.61519434097,0.9840911780362379,0.157909561098842,6.231992358083089,4.60539948292573e-10,1.40220219530655e-08
C1orf112,1059.0013530635001,-0.5082990444457199,0.0817705136971597,-6.2161654790163805,5.094507782942131e-10,1.5332242119522198e-08
FAM188A,1536.04575628009,-0.511637600660215,0.0822989555720899,-6.21681766316032,5.07338719724802e-10,1.5332242119522198e-08
ZNF304,314.11924291352904,-0.6108788932663289,0.0983597302894752,-6.210660515929611,5.276234969654881e-10,1.5820697132450803e-08
USP15,2334.90639106424,-0.609412531305476,0.0985433439228648,-6.1842079540399695,6.241504557262941e-10,1.84352479290187e-08
C1QL4,406.76702779151606,0.637162782685144,0.10315785006358301,6.17658067022934,6.55047468796113e-10,1.92518992440722e-08
ID4,2959.9492736554303,0.5523712796808411,0.0895230734849954,6.170155449068919,6.82228864853874e-10,1.98864122065028e-08
C5orf51,1970.5514933755603,-0.503375521535146,0.08165222395216201,-6.16487215130921,7.05401100020569e-10,2.0461234844152902e-08
HAND1,473.008678005416,0.6443835917073,0.105213220158506,6.12454965960096,9.0940448269677e-10,2.57076647167429e-08
NPAS1,1227.20232930178,0.7026335347261301,0.11492119735731099,6.114046415140559,9.71360328987787e-10,2.7285557677301496e-08
TEX9,325.65653559336005,-0.683506221437093,0.11203402930116901,-6.10088047087636,1.0548577143264e-09,2.9215615293516803e-08
ZNF627,395.992667654309,-0.6028221159252359,0.0992204264690102,-6.07558481028619,1.23536666574366e-09,3.37420194832381e-08
SYT3,362.42467793501504,0.6922968245622649,0.11412880716627101,6.06592535006239,1.31196061005607e-09,3.5615223828102204e-08
KIF27,211.11978393506402,-0.745320938838467,0.12312760262891302,-6.05324007716405,1.41961051412837e-09,3.84202352385336e-08
CDK7,779.023899599074,-0.50174874585508,0.0829993698132424,-6.04521151165447,1.49214119022508e-09,3.99574736496871e-08
CGA,35.577464804742895,1.9640456398612902,0.324918917713808,6.04472541543806,1.4966467145564903e-09,4.00178574910209e-08
C14orf79,341.777903316861,-0.713390648819144,0.118539323930788,-6.018177134498219,1.7639211423879101e-09,4.6328333578728895e-08
SMPDL3B,473.311492093585,0.513110530527321,0.085354150406074,6.01154751217355,1.83760637153515e-09,4.7980145216250403e-08
GDF15,417.065956454796,-0.9253703838649731,0.15416871308424598,-6.002322814741929,1.94514479749735e-09,5.0417812892566105e-08
ENKD1,676.453210639968,-0.554634982468895,0.0927606080290629,-5.97920813860041,2.24224910959383e-09,5.728366583001139e-08
AC010642.1,179.57622848225898,-0.95652033389083,0.160165321955061,-5.97208136077804,2.34245651204137e-09,5.9567907803105e-08
RRN3P1,312.417462246563,-0.6224559145508941,0.104230798393945,-5.97190009231524,2.3450613273816703e-09,5.9567907803105e-08
NMB,343.889459845837,0.627482633235297,0.105565303632536,5.9440233830948,2.7810990292957697e-09,6.95509449225149e-08
TNXB,572.011741076243,-1.09006530781144,0.18391163348379702,-5.92711449059846,3.08304032143281e-09,7.6138249938051e-08
RIMKLB,1274.56774689154,-0.508192114821831,0.0857745650280822,-5.924741380564869,3.12789253249466e-09,7.713877547890089e-08
RPGRIP1L,717.022332839864,-0.607172343834972,0.102503398917016,-5.923436200652441,3.15283080819675e-09,7.75387062248221e-08
IFI6,247.15254172400398,0.8042940446245329,0.135964167136306,5.9154853926933395,3.30898276805677e-09,8.07092216719031e-08
WDSUB1,634.096758343406,-0.5075801295860479,0.0862965328526887,-5.881813704526299,4.05794942704339e-09,9.83029955889082e-08
LTN1,1928.7212788343,-0.560561738521131,0.09549260875281901,-5.87021075078319,4.3524150889239e-09,1.0486489525224401e-07
ADORA2B,429.12039144061697,0.650872903389396,0.11090687435162101,5.86864346501963,4.39375117736883e-09,1.0543223979054699e-07
HSD17B7,625.083665212423,-0.5953848398857429,0.10149271012314301,-5.8662818163329105,4.4567605384398296e-09,1.0672955632772899e-07
ZNF608,517.522030374922,-0.534311220759165,0.0914115612774116,-5.84511645236714,5.06214010741933e-09,1.20334108623025e-07
KDM4C,650.958535331559,-0.601528576271051,0.103484322778822,-5.81275076377227,6.14545254175125e-09,1.43779331111683e-07
MIF,19034.4766445425,0.508983115207333,0.0878486551296644,5.79386348551466,6.87853775394786e-09,1.58224165333696e-07
HPSE,213.111897653288,0.780532082253347,0.134814691705001,5.7896663366726795,7.05263837724393e-09,1.61601756424967e-07
JAZF1,518.348688302888,-0.54215333355804,0.0936785036869572,-5.78738250740787,7.1491658435703085e-09,1.63602725694368e-07
STX18,1076.30705921459,-0.537048297913073,0.0930841030593166,-5.7694953301623,7.950928141665491e-09,1.80556134466097e-07
ZNF75A,417.765093122555,-0.590573722864296,0.102395394523356,-5.767580911362081,8.04174795458463e-09,1.8215327437002498e-07
EGR3,133.777053681048,1.6718733773321202,0.29029166933072303,5.75928817105456,8.44693889435077e-09,1.90361242687517e-07
ZNF256,202.411197408401,-0.673100013912186,0.117117252249694,-5.74723194903118,9.071624881044871e-09,2.0289630441491698e-07
TRIT1,1111.14401161132,-0.506348903642877,0.0881218266959422,-5.74601007069448,9.137386689809509e-09,2.03854294518824e-07
FBXW9,534.020375831643,-0.563582263632972,0.0981643268910968,-5.741212530884139,9.40010253770489e-09,2.09452660680364e-07
NIPAL1,374.502394173202,0.595262358193084,0.103710887581964,5.73963228038753,9.4882346079819e-09,2.10887874455658e-07
TMSB15A,273.72119871878897,0.645358127450124,0.11246703518527199,5.738198098553929,9.568915194366351e-09,2.1241558186145803e-07
ZNF408,632.713118888747,-0.5978075011120091,0.10466460963627301,-5.7116488867582795,1.1188674818217e-08,2.4599036910672304e-07
C19orf54,1812.15187997867,-0.510198195663745,0.08998922951509901,-5.66954732708475,1.4317529795011003e-08,3.07463764837067e-07
SKIL,1325.11472863914,-0.649285318175431,0.114571116153638,-5.66709429019395,1.45239427294911e-08,3.10770428006115e-07
ZNF10,182.763498953625,-0.816819228862818,0.14415787775828,-5.66614354737129,1.4604718656601e-08,3.11748502320554e-07
IFT88,293.69092988806,-0.6731346260182111,0.11921041450609698,-5.6466092229197296,1.63643216107557e-08,3.45719319128631e-07
NEK11,134.122283354837,-1.13136810902617,0.200714384978844,-5.636706652318031,1.73333003576294e-08,3.63447421767699e-07
GORAB,442.498555881652,-0.7236074116597679,0.12889643047929303,-5.61386695480304,1.97854363737043e-08,4.07124870417354e-07
VPS33B,814.805070334986,-0.5766468114444849,0.102862769057189,-5.605981802063731,2.07077720657274e-08,4.23711041542806e-07
ACVR1C,197.51818454295503,0.8115320214221451,0.14510650803705402,5.59266453586573,2.2361107814215098e-08,4.5336699891055603e-07
CMTR2,545.0095902009169,-0.51516358534921,0.0921408917705915,-5.591041886504019,2.25711118732344e-08,4.5710357655806505e-07
PLPP1,354.070766672771,0.602156434968776,0.10772516015307,5.589747410105059,2.274001523422e-08,4.59353529627678e-07
SLCO4A1,405.00756190166,0.6784132273470411,0.121377653302953,5.58927618788077,2.2801804410382002e-08,4.596812746269871e-07
MIS18BP1,2004.9702510172897,-0.574628923599657,0.10283952731113902,-5.5876270401470105,2.3019335290597e-08,4.62493560228368e-07
USP30,1108.27472166526,-0.62327904592578,0.11155677946260302,-5.58710146463773,2.3089083641609103e-08,4.63371327575002e-07
HOXA3,785.940126567181,-0.5796943391261421,0.10386487740193,-5.58123548235539,2.3881604589662e-08,4.77240290911749e-07
FAS,245.381787917869,-0.6536023433918579,0.11723508024803302,-5.57514305452804,2.47326538086938e-08,4.92465081044103e-07
RABL3,834.357063336312,-0.516029826056993,0.0930112444104881,-5.548037007005191,2.8889473752992405e-08,5.64487618463689e-07
CCDC3,398.497993183868,0.515626837044749,0.0932039411397508,5.532242850885611,3.16161751572142e-08,6.130503930975191e-07
CRLF1,354.80563855186205,0.810996547130307,0.14758038362248002,5.49528688856702,3.90075749425647e-08,7.331857188728779e-07
SLCO5A1,541.244434545201,0.817836365639136,0.148992927399482,5.489095220247219,4.03997802896322e-08,7.50856482875279e-07
GPR19,58.134109425667,-1.20266558410423,0.219117927558094,-5.488668122718379,4.04975701424136e-08,7.51656883822815e-07
FAM69A,674.659888606912,0.5090520169951099,0.0930517645406996,5.470632604419429,4.48432037537858e-08,8.27133823595503e-07
MESDC1,1419.93372362096,0.616706250039718,0.11284564852954401,5.46504236606215,4.6279625864243496e-08,8.509803800332091e-07
FADS3,823.108513915805,0.595802630005109,0.109216014500562,5.45526800927205,4.8899035247685405e-08,8.926835171859279e-07
SCAPER,1197.40870738196,-0.534130694324015,0.09806689475150501,-5.44659536408761,5.13430813422645e-08,9.29665304833814e-07
ETV4,58.0919469540896,1.357939199798,0.24935952242600304,5.445708215137299,5.1599663362780897e-08,9.33360746951787e-07
PIK3C3,882.636798403859,-0.527175765560402,0.0972523645712378,-5.42069869339006,5.93665475008487e-08,1.05983592481184e-06
TESC,240.937227757518,0.766539108519188,0.142157200698846,5.39219332366475,6.96028247142337e-08,1.2205205387019599e-06
HEXIM2,281.813098707912,-0.574522530326477,0.106741180569541,-5.3823887581248995,7.350380241427421e-08,1.28638888851202e-06
MSMO1,1131.79730728833,0.5117443089369521,0.0951083228102374,5.380646969855599,7.42186169260984e-08,1.2976216593539401e-06
RASGRP2,269.199071079153,0.557999480610561,0.10427003574334501,5.35148450494489,8.72356087647065e-08,1.50449695387512e-06
TTF1,849.371393094953,-0.524460649632237,0.0980162672412026,-5.35075109870918,8.75899246045197e-08,1.50914384631101e-06
GUCY1A3,325.316145424997,0.568433129677412,0.10741798475222199,5.2917873202387895,1.21126706119233e-07,2.01473710150241e-06
TMEM55B,1444.9473626214099,-0.6076455519768779,0.11483815890269501,-5.29132091443358,1.21436065313727e-07,2.01799502555456e-06
KLRG2,351.554251872378,0.587755073026349,0.111146310554541,5.28812040718103,1.23579624674103e-07,2.05169869872103e-06
PARGP1,280.028390744646,-0.5942546513399871,0.112457224553988,-5.28427278635796,1.26205078021065e-07,2.0874906905047e-06
MRPS31P5,397.668591424321,-0.726223575531365,0.137552138106852,-5.27962404311903,1.29449219702667e-07,2.1312375699380698e-06
C1QL1,447.509258030592,0.621385260036171,0.117965067835307,5.26753615658238,1.3826693439522e-07,2.2617519415652197e-06
BMP6,364.020141044439,0.616099486094033,0.11707232910773899,5.262554275545769,1.42067704905896e-07,2.3175283127814e-06
ZSCAN20,331.209978803121,-0.532709325202879,0.10129436783632001,-5.25902216067604,1.4482343809897302e-07,2.35815526816652e-06
BMS1P4,175.989028512792,-0.7054434398823058,0.13432391401455301,-5.2518082506580095,1.50613213742896e-07,2.4390287373064097e-06
TMEM79,241.86891582355,-0.684038047385454,0.130470238394935,-5.24286654029759,1.58100898335865e-07,2.54636963162139e-06
SYTL5,256.852031701203,0.625179381607444,0.11929764087453801,5.2405007930117105,1.60141399604943e-07,2.57689975237601e-06
KRCC1,651.649363748428,-0.527898940854043,0.100804583123146,-5.23685456056245,1.6333630150195501e-07,2.62119384206342e-06
HERC5,1043.1952153183802,-0.506066677313786,0.0967127012824599,-5.2326806159179,1.67069271139625e-07,2.6666595243569803e-06
ZNF2,312.024037975887,-0.533127445340935,0.101937531201102,-5.22994268214308,1.6956260370493802e-07,2.70160632300852e-06
MRPL1,521.503508723521,-0.568555343416134,0.10889320672603502,-5.22121958302288,1.7774862599784102e-07,2.81940081968564e-06
KCNC4,665.124858421996,0.659942762069345,0.126416346542734,5.22039103421058,1.7854573518949896e-07,2.82952024724108e-06
JUNB,835.764963179917,0.6224469764010029,0.119531825365732,5.20737447534578,1.9153131719406396e-07,3.013821549582e-06
GTF2IP13,1065.37081643521,-0.655253526350269,0.126141293560411,-5.19459970526191,2.0516079748941e-07,3.2027779983838403e-06
HBQ1,150.214937441889,0.760243198075379,0.146566826991479,5.18700727634348,2.1370038439902198e-07,3.31571250872515e-06
CYP4F2,21.185771774701898,-2.76539781270019,0.5334306690973339,-5.18417476329169,2.1697341082606697e-07,3.36063085182778e-06
CHST2,377.313492645481,0.5549456145432261,0.107350481087467,5.16947487260038,2.3475269449773002e-07,3.60460937898458e-06
ZNF622,943.9871055800741,-0.508396462663517,0.0984471403162868,-5.164156734570071,2.4152525995445e-07,3.68948509213924e-06
MFSD2A,263.539336872508,0.770706265421807,0.149976422609384,5.138849507226349,2.7642566400356e-07,4.172431860481581e-06
ING4,556.052971239273,-0.542410798526659,0.10577690489999901,-5.12787549455575,2.9303012048257e-07,4.39322813853337e-06
SPATA17,153.74299363568701,-0.964952828318775,0.18832339795988395,-5.12391364414699,2.99258083764145e-07,4.482820545417231e-06
PRIMPOL,446.88286928067396,-0.5768339840967011,0.11278720521588902,-5.11435657078804,3.14812188137035e-07,4.6921001821161904e-06
CNOT4,1705.11962565306,-0.6277753916454499,0.12278544248313,-5.11278355927008,3.17445953026509e-07,4.71948703241167e-06
DPY19L1,1904.42127926374,0.659807814512835,0.12956186574255998,5.09260815851383,3.5317111891922e-07,5.20276360025075e-06
TMEM234,353.155719107751,-0.5343107572971789,0.105389957720413,-5.06984506735112,3.98139672713315e-07,5.8074827895943e-06
GABRQ,145.082143107955,0.7709044909754521,0.15275438221848997,5.04669312774804,4.495224817226379e-07,6.45113740719146e-06
ADPRHL1,218.903259975935,-0.701637548652579,0.139267024124374,-5.03807382303204,4.7024008377093497e-07,6.710544887264041e-06
TXNL4B,400.030263732511,-0.545476591088587,0.10840939272773599,-5.03163588840055,4.863122235756311e-07,6.89562810797312e-06
CCDC85B,738.252084541469,0.502110106727187,0.0999368006413967,5.02427637771704,5.05334219864483e-07,7.119926912369541e-06
TMEM51,254.883718905597,0.571704533320918,0.11380323918165701,5.023622679213361,5.07058097456251e-07,7.138559010981481e-06
NKX1-2,408.163636809582,0.6819466093912521,0.135778475208722,5.02249423808117,5.10047278653222e-07,7.1692890606584595e-06
LAMA1,825.11277714321,0.599988618168742,0.119540574210354,5.01912109869032,5.19084210700082e-07,7.279050749572681e-06
DNAH10,122.23300104855,-1.0296732826369002,0.205949207440093,-4.999646735404,5.743544827027351e-07,7.984829598856401e-06
AC004381.6,522.413939684792,-0.535379608609681,0.107148066884267,-4.99663338945681,5.833982634246411e-07,8.07268834393272e-06
TMEM160,280.55610977221903,0.8234870743050771,0.16499726871691,4.99091336910526,6.009444725160659e-07,8.296113094571561e-06
B3GALT6,1043.56953298773,0.5684780490482839,0.11393412509518501,4.98953275476822,6.052551133205141e-07,8.336205398878439e-06
NPTX1,2827.21420644133,0.506941668396795,0.10163927215323301,4.9876554372853095,6.11164435134532e-07,8.39807945991277e-06
NKX2-1,229.95858899337398,0.5724913962683289,0.114882028766465,4.98329810515537,6.25095325904875e-07,8.569637617513181e-06
CXorf23,371.063156282379,-0.723156838412573,0.14521890838306303,-4.97977051655701,6.36597131477715e-07,8.71388267498479e-06
RBM45,257.065985821272,-0.614642302905218,0.12400515505262802,-4.95658670516047,7.1742359377309e-07,9.69339583653444e-06
LDHC,220.883046077994,-0.656568970845235,0.13288323091688,-4.9409467719514195,7.774413197605251e-07,1.0393747448617999e-05
TTLL3,1434.4923243867402,-0.5262192718874921,0.10669919334963901,-4.931801781885451,8.147457214009521e-07,1.08192633847874e-05
MVP,817.247798519021,-0.53896810932438,0.109338470953819,-4.92935473326697,8.25016539677717e-07,1.09474769343354e-05
FAM27E3,331.764833683762,-0.6930248835772729,0.14067202097804302,-4.92652965926638,8.370291188215491e-07,1.10985941549336e-05
GDPD3,81.1869334864726,-0.918696485622583,0.18716366820268,-4.90851934269489,9.176657981633561e-07,1.20598784605637e-05
ZNF211,340.58130585771596,-0.590834502303339,0.12039751148136801,-4.90736473730833,9.230827408844351e-07,1.21042287726151e-05
SLC1A3,1760.85630194353,0.542828819887808,0.110988344730475,4.89086328123931,1.00394682254162e-06,1.30491070552723e-05
HHIP,746.140221280528,0.7037814238884251,0.14420261435424303,4.8805039148565195,1.05815113282326e-06,1.3713546131727699e-05
ZMAT1,69.1924008159296,-1.1275366859807,0.23120523345486202,-4.87677838919174,1.07832464783988e-06,1.3924248775047799e-05
FAM212B,508.83141413406196,-0.638443034449621,0.13095379883140598,-4.875330384814349,1.0862649737387e-06,1.4016601957944698e-05
WDR31,451.053210396326,-0.740451129346822,0.152159404937571,-4.86628565385504,1.13715126993021e-06,1.4599051791067901e-05
IL15RA,170.733449589972,0.644824796329843,0.133095910353677,4.844812997006019,1.26730985702311e-06,1.60613232841967e-05
MASP1,86.5652738207337,1.23560208663512,0.255101407132024,4.84357221124875,1.27525344061703e-06,1.61504853473016e-05
LNP1,290.479804541892,-0.546264867561052,0.112790912805037,-4.84316381502552,1.2778784778123699e-06,1.61722115402006e-05
SSTR2,375.212466952073,0.5758826066952221,0.11903027952387599,4.83811857788429,1.31073939610611e-06,1.6546763326191298e-05
NPY1R,221.934481060262,0.606145733453248,0.125734493522809,4.8208388682401395,1.42955794294255e-06,1.7875506176836398e-05
TBCK,418.87774383153703,-0.581252290123797,0.12069408637573299,-4.81591358431845,1.4652793038363002e-06,1.8245189987054e-05
KIF18A,1337.50840686,-0.557140366729555,0.11599716362712899,-4.8030516377148205,1.562655650177e-06,1.93358247152381e-05
SLC2A4RG,941.840347175571,-0.754975925631542,0.15813265042535501,-4.7743203165238794,1.8031519169946899e-06,2.2020497414891898e-05
HSPA1A,212.614862550135,1.03333531564029,0.216618965387258,4.770290144230731,1.8396074944527902e-06,2.2419507099976102e-05
IQCK,196.947545791819,-0.6066236301897061,0.127287915573625,-4.76575979311111,1.88143299384976e-06,2.2897850830693102e-05
FAXDC2,268.525491546015,-0.624427502204057,0.13188804839485999,-4.73452681879546,2.19566738630154e-06,2.6361351651470398e-05
ZNF431,1121.14364365615,-0.510486384867687,0.107833112247795,-4.7340410957871395,2.20093132928424e-06,2.63956338237082e-05
ZNF606,194.90274921284,-0.676152016968403,0.142958577310859,-4.729705832887039,2.24845390942217e-06,2.69042792486108e-05
SLCO4C1,218.633968387101,0.671187552168646,0.142335134127387,4.7155437502025705,2.41066084880923e-06,2.8537923137601196e-05
C10orf107,42.133843776900605,-1.27288736631584,0.270076124628686,-4.713068835928629,2.4401372053387e-06,2.88676511298253e-05
TIGD1,517.862582869903,-0.539856988106041,0.11456159624958501,-4.71237313182946,2.44848518241481e-06,2.8947150949812297e-05
SNAP91,252.235937344385,-0.539895126605666,0.11470531393845301,-4.706801350941401,2.5163389790941003e-06,2.96704399119842e-05
ZNF26,543.501608184728,-0.5510487530722421,0.117397928021986,-4.69385416213684,2.68105200129372e-06,3.13423968671951e-05
SLC2A6,357.740758071894,0.544967974432157,0.11617666422536399,4.69085575890702,2.72064726197032e-06,3.175348314775e-05
ENPP2,216.19247633390802,0.601970835328821,0.12837169559955197,4.68928008247732,2.74167910210384e-06,3.19461311366372e-05
RIMKLA,337.992795916736,0.823100401367871,0.175549413043725,4.68871064332672,2.7493181836794603e-06,3.20141628186014e-05
ZNF419,318.17741474375197,-0.6063552957924879,0.129726651790861,-4.67409963505438,2.95245981740098e-06,3.42004482170729e-05
FAM156A,691.8714596136521,0.5351527418864629,0.114593468807499,4.67001084316109,3.0118383751851102e-06,3.47524322836901e-05
C10orf10,228.55761008842003,0.801080277967027,0.17184721404935002,4.66158431720039,3.13784465009512e-06,3.5880395963563596e-05
MTF1,847.106721522168,-0.688833773765516,0.14776590774182002,-4.66165561659232,3.1367575633885e-06,3.5880395963563596e-05
CFAP70,320.492919811997,-0.681909412848694,0.146457685727806,-4.6560165788501795,3.2238598540724603e-06,3.67929730842505e-05
ITPR1,657.180772452698,0.616601552407735,0.132704327339402,4.6464313920278295,3.37726382574381e-06,3.83713278501921e-05
ZNF765,357.330753287413,-0.5054602029134421,0.10911621188046601,-4.632310764849151,3.6160681181834603e-06,4.0746075544626204e-05
SHISA2,124.495045446584,0.8953727955779459,0.19360996464762698,4.62462145069617,3.7528314400967794e-06,4.1915575392652e-05
THAP10,309.950220865664,-0.617214067416229,0.133939082876152,-4.608170028959679,4.0622841635185895e-06,4.5116473898515996e-05
MAPK11,294.904083147815,-0.5179943570410189,0.11242961413643099,-4.60727683733258,4.079766798937551e-06,4.5282355463114e-05
ZNF582,96.5256224466774,-0.8192568827260458,0.17842280665173396,-4.59166010276458,4.39734115093076e-06,4.82351159806909e-05
IGF2,758.318059116554,0.588237812180987,0.128154386860964,4.59007160495546,4.43093978681727e-06,4.85138795254913e-05
BORCS8-MEF2B,492.332112788773,-0.56250300679863,0.12305632915468401,-4.57110179267216,4.85166521128452e-06,5.25060615470786e-05
AGAP5,351.50016267596,-0.589968837941231,0.12909823857493802,-4.56992166937096,4.87906541760616e-06,5.2770475784948296e-05
SYNRG,1941.9303459335601,-0.521302515315857,0.114345847205509,-4.558998232606929,5.13982038241149e-06,5.51878902292625e-05
C8orf58,193.427159075736,-0.632158581027075,0.138979118863596,-4.54858676753822,5.40073752359494e-06,5.77453481100671e-05
SPEN,10383.8254178424,0.5179601585924161,0.11408954167004802,4.53994424914405,5.6269104519561e-06,5.99832702315537e-05
MAFA,277.587342184566,0.6868895513915229,0.15234514234164498,4.50877225774042,6.5203855801951895e-06,6.815930393971229e-05
ENTPD1,567.649834902526,0.5165344626801359,0.11459520753535699,4.50747002243321,6.56051961484777e-06,6.83778424804269e-05
SDSL,134.42077470308502,-0.845010399843113,0.187514602459001,-4.5063711772947,6.59456904457719e-06,6.8652243666058e-05
EDN2,17.3526367223456,-2.2347077043137102,0.49669732027164204,-4.49913380465101,6.82309036688657e-06,7.074132350647808e-05
GALNT4,214.778415836167,-0.6228968851710589,0.13919698871296898,-4.4749307505172,7.6436082066505e-06,7.81546851767985e-05
HELQ,607.9149128099771,-0.535197719688721,0.119845236924289,-4.46574042843959,7.97923065221352e-06,8.11663044776937e-05
SMAD6,411.51793707618896,0.5784688357093671,0.129570143830987,4.46452260224337,8.02474775378219e-06,8.15360227485721e-05
ENDOG,444.915520801353,0.511837561302392,0.114710914726134,4.46197785558922,8.12066195994585e-06,8.236936127198921e-05
TMEM158,274.69123835672997,0.579582137217685,0.129969656350333,4.45936500482408,8.22028282679795e-06,8.317322989304591e-05
SLC22A15,292.425492862124,-0.51200811613605,0.11486711698763101,-4.457395027953781,8.29616394445338e-06,8.38148244865486e-05
CCDC191,260.315059277571,-0.778375235605558,0.17499782274980602,-4.44791382758174,8.67082992908311e-06,8.72529864001284e-05
S1PR3,331.660520039346,0.574966537859916,0.129449781064646,4.44161846494576,8.92847692171361e-06,8.96503424566479e-05
ZNF225,191.496044078381,-0.556271962298994,0.12549649235570698,-4.432569802208469,9.31165420675891e-06,9.32791681410593e-05
QRFPR,240.128040154361,0.5458071535331339,0.123225333329669,4.4293420742707,9.4520998447206e-06,9.447318006687859e-05
HSPBAP1,282.75951499706,-0.5283944357796541,0.11983999631950501,-4.40916598804713,1.03769469460045e-05,0.000102792475569307
LIN37,258.756845737895,-0.57292241373743,0.130005287982735,-4.40691623108068,1.0485271524434e-05,0.00010358188759304699
AQP1,52.047390822561596,-1.08675166729101,0.24671206097921103,-4.40493935715039,1.05813474830266e-05,0.000104352157291013
SLC37A2,224.27626218177102,-0.575026201717078,0.13163603109871802,-4.36830400398391,1.25215117472761e-05,0.000120413737359825
OSCP1,200.748198202868,-0.5508997935851129,0.12643175629645098,-4.35728973260002,1.31682902779548e-05,0.000126020112719222
PAX3,607.053652825428,-0.519894085054877,0.119552244862441,-4.34867689563734,1.36961320553829e-05,0.000130579583955369
MYL5,288.487060236746,-0.550774358159199,0.126913975636498,-4.33974552760608,1.4264780649925698e-05,0.000135420216089872
ADGRG2,154.411303614696,0.59474740419234,0.137174356733011,4.33570397818541,1.4529436804357598e-05,0.000137565450382472
KCNK1,355.595760792719,0.6252666392218951,0.144870477897766,4.31603904601696,1.58853892261211e-05,0.000148897261902825
AGGF1P2,37.014218428244796,-1.37290822881071,0.31927284422487395,-4.30010961985771,1.7071364487273e-05,0.000158614389601414
PRKCB,361.26421858971,0.6736293482528689,0.15704114005562397,4.28950877467058,1.7906873890131602e-05,0.000165317821724003
EMILIN2,378.337567487122,0.6208663865024311,0.145324963479754,4.27226246362639,1.9349963046121698e-05,0.00017726001696192098
PCSK1N,934.014041363844,0.7085937685581141,0.16617179719965802,4.26422401694751,2.00598113195242e-05,0.000182727205467449
NSFP1,252.47778919619,-0.684068989897279,0.160477765669937,-4.26270260581918,2.01969235013642e-05,0.000183693860244377
SEMA3F,666.896863582416,0.5484734330709461,0.129065408234968,4.24957733115004,2.14174261635867e-05,0.00019301842595526
SGPP2,283.807378457435,0.527861506838402,0.12427155999756301,4.24764529268608,2.16029064236902e-05,0.000194491786896018
ZNF772,308.491180947507,-0.6141024054533879,0.14474601988587998,-4.24262032170249,2.20925024021812e-05,0.00019853233142118898
PPP1R21,545.60022566641,-0.5053201725197349,0.11936289409087801,-4.23347788580766,2.30104818758222e-05,0.000205913124425765
ACAP1,73.5529608182222,-0.9517269221730791,0.225029139839833,-4.22934968711377,2.34367809079057e-05,0.000209155610480416
CTGF,234.531031939778,0.51871769058571,0.12310395204208302,4.21365587360173,2.51270035653456e-05,0.000222280224077319
CILP2,613.003069040478,0.507468162282647,0.120997637845765,4.19403363005743,2.74037327153486e-05,0.00024015070054786297
SRGAP3,276.614763838121,-0.514620283008745,0.122757399466425,-4.1921732233297995,2.76294895704625e-05,0.000241771630931296
RP11-1415C14.4,20.1558661687107,-3.34917402096163,0.7999022432945809,-4.18697915781219,2.8269177348718396e-05,0.00024688322320116
RP11-480I12.5,204.56890071770098,0.5378380476949871,0.129359668772255,4.15769499720877,3.21474837522288e-05,0.00027707920920910296
GAS2L1,258.449426309788,0.607282650103829,0.14700511366601401,4.13103078498027,3.61140209422111e-05,0.000306658742298689
DNASE1,790.396646394933,-0.515802469441616,0.125253031178676,-4.11808372689851,3.8203590446162395e-05,0.00032209485145719
SENP8,193.830083354393,-0.551150255752478,0.13438677479208802,-4.101223923300259,4.10970623424454e-05,0.000342271288657734
DKK1,72.23265739338679,1.1622410957340399,0.284059173521037,4.0915457203073595,4.2850744121870206e-05,0.000355377369977133
SYT12,104.62867421558701,-0.700504882022828,0.171618991405467,-4.081744545204891,4.4698912043012393e-05,0.00036932683784237996
C16orf71,34.2674775642746,-1.4675867459343301,0.359989404222443,-4.07674983963551,4.5669580630539795e-05,0.000376297874509559
HIST1H2AG,122.764885978496,-0.646754935418096,0.15884671694608,-4.07156627377848,4.6698071613875704e-05,0.000383528134580288
RAD9B,69.5366943737921,-0.9600656090556251,0.23580473927585102,-4.071443228850931,4.6722750252081e-05,0.000383553657540282
TMEM189-UBE2V1,762.186911714686,0.521107495859391,0.12815562066858302,4.0662086699029905,4.77841536286429e-05,0.00039128737700499
FGGY,105.654778556446,-0.7961560459458921,0.19726412843772698,-4.0359899807999,5.43725364509574e-05,0.00043746519033234103
IL18R1,151.361122262381,0.609407227083634,0.151242767538151,4.0293313657455405,5.59357248511891e-05,0.000448621165349118
MMP11,310.90221234460097,0.573633476284011,0.142426115404735,4.02758633593219,5.63523773014145e-05,0.000451759071594432
VDR,371.48076410002403,0.639727292573824,0.158902884785472,4.02590106175538,5.6757551406771994e-05,0.000454802172854354
ACRV1,33.1575606183118,-1.4690688174718503,0.365018737164993,-4.024639471611049,5.7062667640498594e-05,0.000456835341429854
KRTAP19-1,129.658453934363,0.6201335082379978,0.154219847959565,4.02110050322831,5.7926882076882396e-05,0.00046333688268513094
COL2A1,947.1049635316541,0.5285236410652729,0.13171823870575902,4.01253194894234,6.0070945774077394e-05,0.000478549053229781
BARX2,193.647284088816,0.513248412825727,0.12810614360667,4.00643090468462,6.164314685281999e-05,0.000489757280692579
MRM1,137.727749892237,-0.6566248722999821,0.1639766265301,-4.00438090595461,6.21801064104061e-05,0.000492922189961405
HLA-DMB,147.186666251779,0.7676432234518349,0.192447856022277,3.9888374924944703,6.639788705902329e-05,0.000521475631535553
HAND2,81.5866664261232,0.7896323315813399,0.19830351131272603,3.98193822365599,6.83555486507278e-05,0.0005347250376412629
CA12,219.707680240116,0.626755428540092,0.158095601343463,3.9644077584325896,7.357839055261791e-05,0.000572559020751028
GS1-124K5.2,66.8680022515812,-0.856292727250067,0.21612032177142498,-3.9621111065886097,7.42899522407492e-05,0.000577012474700274
FAM185A,250.60700693280103,-0.5008097149383479,0.126467277715619,-3.9599944268943297,7.495151252773109e-05,0.000581462846533851
CACNA1B,196.648134653903,-0.7042079755018491,0.17793829723451604,-3.9575964615067,7.57077176452001e-05,0.000586817317981388
SNX19,115.735756386482,-0.9592152733412479,0.24290883597332102,-3.9488694163706803,7.85211686674481e-05,0.0006051950152041151
CYP39A1,198.06027994149102,-0.6548563678091049,0.165994553404083,-3.9450473186007406,7.978422197428771e-05,0.000613600022026302
RP11-308D16.2,178.764089695868,-0.5894133979754239,0.149704357512611,-3.93718264296865,8.244385732402409e-05,0.0006310521855697259
HPGD,81.23056136017071,0.7087787806875799,0.180167650803147,3.933995795183,8.35452451892114e-05,0.0006374408181717589
LRRIQ3,115.066968898255,-0.7590651712691779,0.193422375913426,-3.92439172399023,8.694915497362991e-05,0.0006601378841102099
ZNF559-ZNF177,81.4436637313778,-1.10077140694517,0.280540355887422,-3.92375422588719,8.71796757778405e-05,0.000661399707483036
CALML4,225.335685346434,0.6939891684899089,0.177049812945677,3.9197396311446,8.86446834858995e-05,0.0006701071493079731
FBXL15,1008.2314686218699,0.602516054876724,0.15371670838696,3.9196523344747503,8.86767967111895e-05,0.0006701071493079731
HOGA1,91.0941372228714,-0.7055054654889709,0.18052284707414898,-3.9081228604775298,9.301600487408629e-05,0.000698740001126374
CD24,373.86235656613195,0.6090882872739289,0.156026483693174,3.9037493690603196,9.471386458342329e-05,0.000710294064174547
C2orf42,293.540285674983,-0.505736751700126,0.129634261943799,-3.90125838738048,9.56939419423084e-05,0.000716435360705762
PLA2G6,611.1963310831491,-0.6526693489893729,0.16760818105298098,-3.8940184476023,9.859714663294592e-05,0.000736620111042189
DUSP5,262.28600150267005,0.662058884932576,0.17008262467503302,3.89257213191256,9.918699514925179e-05,0.000740264879461181
SNX22,258.67906776918596,0.519812662224059,0.133698141700712,3.88795727159527,0.000101091416756215,0.0007517802096789059
SCN5A,406.697943621946,0.68607242595045,0.17652003282877501,3.8866547606862403,0.000101635139818922,0.000754876533467107
ZNF341,176.77936068145002,0.678890611285668,0.174903034992892,3.88152561968554,0.000103803213921717,0.0007690520611425219
NMU,207.518476168297,0.560092794332651,0.144461274690694,3.8771137492166297,0.000105702947122269,0.0007795537547826929
PLK2,329.157260085158,-0.695422192650667,0.179617363579207,-3.87168689481406,0.000108084736055822,0.000794154831325856
ACSBG1,98.81529822073709,-0.8262000310071591,0.213880855993786,-3.86289846825356,0.00011204958671096499,0.000819224383761375
AKAP3,106.164890820058,-1.1431897521466299,0.29614007795409697,-3.86030070649145,0.000113247573371766,0.000827302835712149
KIAA1841,479.04259526210404,-0.537947876232745,0.13974614681590802,-3.84946482239256,0.000118376181990609,0.000859121180397967
RAB20,79.6739074480203,0.7094413026381591,0.184586921886176,3.8433996048519097,0.00012134165068018501,0.00087563956604885
SH2D5,243.300088029883,0.600658648966432,0.15660191534352802,3.83557664444145,0.000125270032101159,0.000899956183989257
CTF1,160.847773756476,-0.543773227853321,0.142789891697203,-3.8082053385574,0.000139979016437184,0.0009892555211723241
NBR2,189.678475261835,-0.673721449659794,0.177170642836463,-3.80266978136819,0.000143145101583352,0.00100643062524855
NEURL2,62.7444420819116,-0.8356656535657171,0.220011700917257,-3.7982782283020495,0.00014570471525254098,0.00102159918844851
WNT10B,249.214706393284,0.613667842883444,0.161598255789592,3.79749051055642,0.0001461683704961,0.00102444611580258
THBS4,85.4004878290129,-0.784828686383563,0.20722904620879698,-3.78725232172712,0.000152322397252543,0.00106005657359979
IQCG,221.682885246218,-0.5143596668222821,0.135841445693891,-3.7864707946450604,0.000152802045893864,0.0010625628384977699
HHIPL2,17.5669222151879,-1.9641798612338301,0.518893233501641,-3.78532564007238,0.000153507433116236,0.00106580072949621
LIN7B,187.734058071037,-0.5858980017574871,0.154879207596363,-3.7829351715462,0.000154989792529306,0.00107315946299205
RHOV,158.821210801388,0.560112341832173,0.148512623358384,3.7714796841244604,0.000162282372273645,0.00111367922091767
C19orf38,100.173994841211,-0.67475906658188,0.17897833765769197,-3.7700599715726697,0.000163208324082445,0.00111873832324979
ZFYVE28,250.140878873943,0.629362096261325,0.16787930664845702,3.7488962089843603,0.00017761456731040401,0.0012021943743229099
CCDC9,647.238049663835,-0.504566542227654,0.1347502613216,-3.7444568736192503,0.000180784425184755,0.00122225394076431
CHST9,112.30416294530501,0.687604644286813,0.18380278756519197,3.74099138209714,0.000183295806591282,0.00123735107706894
ZNF432,279.940801803258,-0.543856952583538,0.145587431373884,-3.7356037361965497,0.000187265360944092,0.00126079719157399
APOC1,309.236507322817,0.5306645776944771,0.14218130890041103,3.7323089919376997,0.000189732559368847,0.00127403120775584
OLFML2A,322.287271156283,0.6011438262262271,0.16137276950230803,3.7251875150945497,0.00019517008739071,0.0013056129886735198
ADM5,135.138035133503,0.566385415456699,0.15208722240860903,3.7240828419826504,0.00019602655433075501,0.00131084925255929
CHRNA4,242.267891556162,-0.691351467208305,0.18570704960154102,-3.72280680077407,0.000197020280702357,0.0013165041755613
HLF,243.745050014092,-0.59383251370809,0.15983329300500598,-3.71532427658543,0.000202943261366362,0.00135201728375994
PAFAH2,477.146058461905,-0.707885828145269,0.190550753868059,-3.71494635300905,0.00020324680968276398,0.00135353240560645
LCP1,143.968072099126,-0.6912063817761761,0.186202344867485,-3.7121250125399303,0.000205526424868399,0.0013676891319554599
LGI2,206.10142852731002,0.6459962511926429,0.17470702413219596,3.69759747440856,0.00021764965484116398,0.00143706962968093
HES5,164.571838310384,0.6088196573731409,0.165012159704116,3.68954420368061,0.00022465619224953397,0.00148058256278316
SPEF2,148.76455553283998,-0.587413295286825,0.15982271687925,-3.6754055165426203,0.00023747191561445698,0.00155581729238787
WNT9A,155.118165589994,0.5307895781793279,0.145010832288032,3.6603443329325303,0.00025187653875932404,0.0016369213215203
RAB40A,58.8710140770743,-0.808454902070874,0.22107219908057102,-3.6569722716524202,0.000255211975812581,0.00165637504027544
ANPEP,28.767166796058003,-1.59109583295336,0.435836246610383,-3.6506734933767997,0.00026155356377594,0.00169238861626637
RSPH10B,21.7433701096741,-1.34434256259808,0.37041287805011497,-3.62930838062331,0.000284181589760806,0.00182222605392603
MAF,382.27202435372004,0.5234974694573851,0.14470163786982299,3.6177715550693,0.000297150492402098,0.0018937752349110102
CAMSAP3,1287.26297750152,-0.500030614081098,0.138611446622566,-3.6074265601069904,0.000309249029091756,0.00196104029467921
PCDH19,184.171533425388,0.546327265405461,0.15182537951486702,3.59839222632711,0.000320190484311668,0.00201319200903316
SAPCD1,40.3942014425841,-1.0597790446589002,0.29534541639129197,-3.58826982185103,0.000332879695113728,0.0020856003730857
SLC10A4,105.43150427832899,0.614028822648894,0.171247555345479,3.5856209533043395,0.000336277098310123,0.00210170231460538
RP11-514P8.6,287.398876283513,-0.8668923774991791,0.244404328599314,-3.54696000053419,0.000389703754305712,0.00238777479507576
COL23A1,155.831575021979,0.533129835777036,0.150338367778444,3.5461994410017597,0.000390830292581364,0.00239138108478639
PLEKHA6,251.634861532909,0.924360862771221,0.26118242850797696,3.53913878529922,0.00040143474146603,0.00244868306621183
ZNF658B,137.869295726664,-0.5749179628163361,0.16248228586692198,-3.53834240913629,0.000402647549166685,0.0024552387077273
LAMB3,54.4066419179826,0.9599553815702858,0.271494602941899,3.53581754910878,0.000406515346656981,0.00247542786948897
FAM150A,170.792629732588,0.502655769855385,0.14233002823340601,3.5316213738894398,0.000413020269079371,0.0025123020104854
TRIM58,119.92956553523001,0.546794693863804,0.15565409921103102,3.51288335248065,0.00044327203690498095,0.00266638027341254
ZNF441,58.6395576561263,-0.90252038122687,0.25749781503193103,-3.50496326003758,0.000456670298763288,0.00273955957567815
TNFSF4,70.75079378138291,-0.7474092925984479,0.214176339184427,-3.48969123034106,0.000483578931930101,0.0028776830617969
PAQR9,109.227479219521,0.611812554575084,0.17542220716336998,3.4876573751309903,0.00048727206351708603,0.0028948160913455697
PCK1,43.966344370811704,1.3820612440078799,0.39657166089121,3.4850227091416204,0.000492095275644345,0.00291859442836294
C5,147.185899898989,-0.6109232814798969,0.175754780556226,-3.47599808976151,0.000508955911235129,0.00300356623221767
AP003419.11,33.3501536442811,-1.25361248686789,0.360770381531969,-3.4748209693505494,0.00051119439779187,0.00301477531911683
SNCB,97.4173922580607,0.6494985406708461,0.18702696668859803,3.47275343321088,0.000515148386090255,0.0030350740401162398
ZNF19,143.330573062866,-0.646576947370182,0.18624671838663198,-3.47161524761979,0.000517337217686864,0.0030469602741603602
LACE1,336.753901810126,-0.5609468743300411,0.16158821013167599,-3.47145917312242,0.000517638037686068,0.00304772249936953
CCDC96,30.0013841735312,-1.0921417093633001,0.314808319715812,-3.4692275933152503,0.000521957083007517,0.00306604522396983
FAM43B,147.817875603547,0.524247137969591,0.151122868456756,3.4690126208106298,0.000522374913956908,0.00306748624341737
NOG,129.36308063083402,0.5671260369542459,0.16377783010725103,3.4627765954821896,0.000534632096135653,0.00312735298897121
CCL20,7.080035102293951,2.97033481931234,0.859000745665961,3.4578955074241797,0.000544412494183846,0.00317383559314195
ABHD17AP3,7.78201929590158,-3.14453044124258,0.9098304952160681,-3.45617173503929,0.000547906118520389,0.00318897502239314
TBC1D19,115.503663939226,-0.7505866353141558,0.21716733509508698,-3.45625936324868,0.0005477280169620901,0.00318897502239314
PRR7,352.911219702872,0.5086354835924051,0.147196010367524,3.45549775651138,0.000549277762783337,0.0031938220732670103
BOK,133.68873207053002,0.509239582963788,0.14748619385585998,3.4527949338869797,0.000554810598157218,0.0032186255288200604
PDK1,889.4803970391949,-0.552041165866879,0.159882162350794,-3.4528002233023103,0.000554799719899592,0.0032186255288200604
SLC5A2,88.14500364341991,-0.722256502210432,0.209500260052846,-3.44752079080114,0.000565756861428402,0.00326932816153995
PADI2,181.949477148966,0.591863060721407,0.172504061718335,3.43100941986978,0.000601339718741789,0.0034436140222053897
PLK3,199.342063039614,-0.546213528303386,0.159257879308452,-3.42974257019632,0.000604154144252736,0.0034541687585073603
CYP4F22,49.608399074018095,0.8895771536539059,0.259539511301813,3.42752110918262,0.000609118944604302,0.00347859817634038
SPARC,128.190618722202,0.524202907362056,0.15359224390649698,3.41295168316687,0.000642633346836405,0.00364254496018429
DTX2P1,76.8744823749876,-0.690616627427934,0.202454137479495,-3.41122506077645,0.0006467168647224691,0.0036591275502138297
ATP6V1C2,176.109686527297,0.585265989068411,0.171906701383945,3.40455598505872,0.000662717140603098,0.00374088046890911
PLPPR3,472.199229799868,0.505304877496099,0.148518005197996,3.4023139270047005,0.000668178379188832,0.00376692446428555
CDH1,150.33112487936398,0.635577223212688,0.187793585609379,3.38444585926764,0.000713220832166524,0.00397797353097647
FES,62.5023764978516,-0.850292006841243,0.251987606745412,-3.37434057898057,0.000739927602020311,0.00411016953812032
ZNF382,210.636017982808,-0.656897841275552,0.19469273251936103,-3.37402343053677,0.000740780621010865,0.00411233850208997
TNNC2,14.0340219195418,-1.5867725005960198,0.470459425793257,-3.3728147712643,0.000744039874079236,0.00412656675015686
PHACTR3,57.7895044818959,0.840074231487146,0.24939584792600503,3.3684371190349305,0.000755956387594536,0.004179620810888821
EVA1B,169.971062993913,0.5373614096492629,0.15980549776232503,3.3625965137223797,0.000772131298374641,0.00425449848664378
CHRD,450.50359346954804,0.548968526773017,0.163530178373417,3.3569860452268396,0.000787970895084963,0.0043310387899554
DENND2A,349.293250838532,-0.589736259621698,0.17588187176406,-3.3530246961028998,0.000799335739515188,0.0043850430268944
FNBP1P1,62.765859920246804,-0.750837442985429,0.22429016065909899,-3.3476165016736297,0.000815097197936183,0.0044539776510458704
NEK10,99.13233225093,-0.7116508965054591,0.212577280732311,-3.3477279136033795,0.000814769614189372,0.0044539776510458704
ARIH2OS,88.0020387777541,-0.6441744136972071,0.19260321587480198,-3.34456727927087,0.000824110387529704,0.00449631997565685
TTC30B,185.56578855146302,-0.516338302685328,0.154541263096478,-3.34110316131546,0.000834462114890469,0.004547217549760171
ZNF383,483.717425161746,-0.514445154901345,0.154104580957169,-3.3382859335267097,0.000842969552526266,0.00458795274363928
ZNF766,446.670870424883,-0.5223703309072739,0.15695485851696697,-3.32815648934376,0.00087422744101826,0.00473921894169075
RP11-566K11.2,28.806021989124304,-1.93433957436297,0.581366105613266,-3.3272314221388797,0.0008771349650296,0.0047520831240680395
RASD1,38.3430551655675,1.06030271088225,0.318978014543557,3.32406204358473,0.0008871645635158289,0.0047991095539625704
SLC6A20,50.567885946348895,-1.2922040321771,0.38927207086926796,-3.31953954284861,0.000901660339909957,0.0048558481577724
CSRP1,38.5723853992875,1.13075587574678,0.34074310039482697,3.31849969797347,0.000905024203867989,0.00486611290262374
WNT8B,62.665502695883596,0.7480830872174721,0.22580259694875895,3.31299594126118,0.0009230231937086599,0.0049479274667873704
ZNF333,295.835788515922,-0.54857201083252,0.16559547331651098,-3.31272346910115,0.000923922821117974,0.0049512572882154
SSPN,158.027002820852,-0.587744743769627,0.177430282041029,-3.3125390830056602,0.0009245320736564971,0.00495302946721488
ZNF841,250.53695469687,-0.5538845486742889,0.167647051342695,-3.30387289390535,0.000953590565458226,0.0050903013642788104
LPAR4,15.656356798355901,-1.61423417216538,0.48880606650379904,-3.3024020829185803,0.0009586054987838189,0.00511400071223375
AGTR1,61.2558929433278,0.729578818986568,0.220956786098986,3.3019072727629397,0.0009602981061415391,0.00511995820848657
GPR179,22.8612387372545,-1.98080338593296,0.6000596806346971,-3.30101063253878,0.00096337231647043,0.00513173252221711
TMEM249,12.898297766060901,-2.13162513314064,0.6469424001127441,-3.29492259707998,0.000984487929646356,0.00522698712363149
RP11-278C7.1,39.2023765395016,-0.90096181981068,0.273549948738745,-3.2935916236312206,0.000989160971825693,0.00524553272890923
NOTCH2NL,522.885052829952,-0.541597829190488,0.164536675776975,-3.2916541350611,0.000996000203081194,0.0052739367513361295
TTYH2,515.946816091465,-0.51246978897744,0.155794329715811,-3.28939949170328,0.00100401407842573,0.00531162580437011
RP11-175P13.3,48.5683694941139,-0.8152135402288051,0.248519751622423,-3.28027665771758,0.00103705337925732,0.00546689775765624
CDKL3,82.43823707081559,-0.649386438227908,0.19833104920191397,-3.2742550439835,0.00105940945656411,0.005563307604006629
DYX1C1,109.51421902643101,-0.5860080275882901,0.179171052379048,-3.27066241899697,0.00107295908604537,0.00561153469402389
TWIST2,130.01685055680798,0.52390305230042,0.160431771452465,3.26558167099495,0.00109239498822077,0.00569392443719699
RAB43,330.81828684400904,-0.556294790974563,0.17042435483398904,-3.26417425206891,0.00109783623460681,0.005717816663018079
LETM2,219.65163120973202,-0.621144589780943,0.19051286083195001,-3.26038140978236,0.0011126248412762,0.00577791539215306
SLC27A6,111.786983061569,0.511664387289569,0.156952550242549,3.25999409693478,0.00111414532629015,0.0057841220574497
C16orf86,113.806179513764,-0.5765367785980301,0.177325365161194,-3.25129333907724,0.00114881260715142,0.00592947372068488
ZNF137P,19.6557552213835,-2.17392613318625,0.66889367639745,-3.25003241904551,0.00115391853210939,0.0059506454232706295
CACNG6,38.3418019338021,-0.9225439270864231,0.283899577935605,-3.2495431440749707,0.00115590542701963,0.00595743605734378
BX004987.1,100.23237027959,-0.545558725717895,0.16808760716921803,-3.24568083813977,0.0011717012010147,0.00603359949471255
RP11-23J9.7,48.2386831467616,-0.8472881183464229,0.26158130667462604,-3.23910041247841,0.0011990735143446,0.00615494404115512
UBE2F-SCLY,299.618151079183,-0.786783298842119,0.242900338459438,-3.23911981280959,0.00119899195451125,0.00615494404115512
C17orf97,49.2816288632561,-0.9183280957431129,0.28430961097106106,-3.23002832231579,0.00123777955733028,0.00632441330715219
EIF3EP1,41.7806493347464,-0.865196600762894,0.269892193765426,-3.2057118388347,0.00134728835680234,0.00677300940692747
RP11-468E2.1,201.623226436772,-0.9646394744419471,0.30110745262731997,-3.20363865465621,0.0013570267831998699,0.0068084913183061
SLC13A5,40.1477920129394,-1.11774198662558,0.350274208498627,-3.19104849716606,0.00141757483085145,0.0070624539275342
CDA,77.81719603147141,0.6729965068041078,0.21121661468604397,3.1862858317489,0.0014411214187186599,0.00716771467027593
CYP3A5,176.40860602407398,-0.5058080720567779,0.15883405911366197,-3.1845063639330697,0.00145001122557016,0.0072078975683151
RIBC2,133.686405518178,-0.5199876484917739,0.163577733675945,-3.17884125673176,0.00147865046615755,0.007323644551183141
TMEFF2,42.2564862119196,0.9154973781987329,0.289398862590045,3.1634449769611,0.00155913821168556,0.007658297387287571
TMEM92,63.238934377656406,1.00104871106561,0.31652776484517303,3.16259368765096,0.00156370411013239,0.007671271566436659
SLC7A8,384.05198358263397,0.528520232398955,0.16727112747645997,3.1596620431301496,0.00157952238630741,0.00773704891210252
RNF103-CHMP3,58.1762361131008,-0.869971753098011,0.27553330680532695,-3.1574104894428396,0.00159177097418789,0.007782040058299391
CD72,89.72169944311779,-0.734542179950385,0.23294945591243102,-3.15322556592066,0.00161476979541057,0.00788147728031716
TPH2,92.05748404681592,-0.556862052889459,0.17669737719424602,-3.15150152046282,0.0016243331696483901,0.00791728840173192
CGB1,12.377633708280099,-2.17385660713193,0.691064105524427,-3.14566563326604,0.00165709334483679,0.008065912062563109
TMEM253,20.302460340116998,-1.1895742703418999,0.37831983072739706,-3.14436139404773,0.00166449741189932,0.008086455869120721
CXCL2,21.769094119762602,1.25154745827051,0.398093334285867,3.14385434389561,0.00166738410477942,0.008098267349653871
CCDC160,48.6305495928308,-0.9809801276682529,0.31222412361495,-3.1419101007007497,0.00167849564015179,0.00813667692953624
SPINK2,49.2412614754092,0.7349974518865721,0.234544335913078,3.1337250120547004,0.00172602526282329,0.00833753197453437
CEP112,568.49163527421,-0.5866643297332261,0.18738081715330604,-3.1308665350372795,0.00174291350230933,0.00840768990357084
SAMD15,26.5429926163825,-1.1758741557683703,0.37577360787805697,-3.1292090000901602,0.00175277588949405,0.00844747028230973
DMGDH,169.41250025187,-0.7670810343129421,0.24518863923267498,-3.12853416338353,0.00175680586731378,0.00846322544749563
AC093724.2,84.4849288849905,0.6488019408754521,0.20768300207626897,3.1240011671113397,0.00178409749099262,0.00858307291324129
ICAM1,43.6671263463691,0.941821243032978,0.302158842526279,3.11697395700431,0.0018271771252916602,0.00876423967219073
CDNF,102.908361551191,-0.5341496060745751,0.171504694183824,-3.1144897147949506,0.00184263380720243,0.008826474064080391
CABP1,88.8356843528123,0.590999782777217,0.18990605634186103,3.11206390233983,0.0018578427913500898,0.00887718374601662
MTTP,28.951466313641202,-1.23072185355302,0.395474487414336,-3.1120132719550297,0.0018581614510396601,0.00887718374601662
EHHADH,270.211085391992,-0.573966807802985,0.18465388147997197,-3.10833871025473,0.0018814230832809801,0.00896878923426786
MTUS2,56.5093722727771,1.02758414466203,0.33181354192300605,3.0968722334438996,0.0019557414816633602,0.00929068642411331
KLHDC1,50.3153115137981,-0.879995913212803,0.28439805341543,-3.0942402827468105,0.00197317609340843,0.00935601176450543
LUM,28.6727474736178,1.11053020127862,0.359020011696546,3.09322646398126,0.0019799298261965,0.00937803202972829
TGM2,201.799747991195,0.510081098964123,0.164917575301436,3.0929456610782498,0.0019818041931748,0.009384410215403741
LAT2,83.6198883315775,-0.5952762444539761,0.192684303194404,-3.0893862893096604,0.00200570468313624,0.009469844655030679
NAPSB,19.1145253410371,-1.1995630006209,0.38832435075262395,-3.08907488880362,0.00200780821074713,0.009474744637817091
SFRP1,103.56563967274599,0.5632037193721601,0.18314569207706696,3.07516771475665,0.00210384212337924,0.00986248795038393
LBH,391.99807653234296,0.538446367235876,0.17528819112334698,3.0717777608702703,0.00212788086959007,0.00996204574570329
HLA-DRB5,64.9286952679039,0.661495752438082,0.21549128852266503,3.0697099496368097,0.0021426674817643103,0.0100209182341293
ARHGAP36,54.4236219455386,0.783305426081537,0.255190980066343,3.06948711854117,0.00214426652448458,0.0100255595771392
FSBP,25.5938716665164,-1.25173080646218,0.408121564111705,-3.06705383036211,0.00216179922350253,0.0100969141037821
MYO7A,104.355431165033,0.526763023234346,0.17248553418132,3.0539547895106502,0.00225846113446134,0.0105014899141886
SFTA3,79.4452856602865,-0.5620401412663261,0.18432084745651997,-3.04924889952509,0.00229414325007563,0.010636808638746999
CNTD1,59.0116501292716,-0.8178033456314692,0.268738968393648,-3.0431141063009304,0.0023414353096789997,0.0108025587030105
RBKS,82.17619684147441,-0.632096421152291,0.20781577465347897,-3.04161905998847,0.0023530948489523603,0.0108450957774033
BCAN,57.0673826345337,-0.708439835294819,0.23302233871827302,-3.0402228352507104,0.0023640316841698,0.0108842173423675
HIST1H2AH,8.34477752210502,1.86124632515615,0.6131472547638119,3.035561703482,0.00240088092227362,0.0110281745489401
NRXN2,227.357086886122,0.54153020728749,0.178727682930094,3.02991790868401,0.00244620217674049,0.0112131788875026
MAFF,305.535408408693,0.503138418555194,0.166087712165218,3.02935365895516,0.00245077604457258,0.0112283557971
LRRC37A15P,45.173583380887095,-0.780470030435369,0.25780620754304,-3.02735158270025,0.00246706830643106,0.0112958488732538
ADAMTS7P4,32.1533421588662,-0.916024490902259,0.302785159236683,-3.02532823342975,0.00248363431453798,0.011358410943107
PTPRH,93.6114686409512,-0.880230948897739,0.291318288213774,-3.02154373587356,0.00251489306463502,0.0114718608471717
RPSAP44,18.636373425497602,-1.1718310446907,0.38849609471526203,-3.0163264460858,0.00255857639864026,0.0116442403235788
PCSK2,36.0819728631481,1.35410312377034,0.449758962459767,3.01073071754845,0.00260619868052916,0.0118125971803439
RP4-800M22.1,5.37965250899176,-2.52322132799793,0.8388025467600191,-3.00812311281623,0.00262866625427447,0.0119022955607981
MIPEPP3,13.6061885096454,-1.45893396138556,0.485288088447988,-3.0063255128544597,0.00264425763737152,0.0119607084838726
PPP1R32,126.21345321374399,-0.523539362874074,0.174186696458634,-3.00562197640854,0.0026503827026749197,0.0119823175276539
DRD2,24.0359522511272,-1.04417832187617,0.348353050973963,-2.99747144156408,0.00272229363647212,0.0122762118057598
HDAC4,541.996563100543,0.541533734237228,0.18072047422125198,2.9965267442483503,0.00273074283626735,0.0123080705631609
ALDOC,149.751006361135,0.5661984886065521,0.188980923475201,2.9960616034393,0.0027349117666755803,0.0123206146752618
CYP4F3,74.0011446474431,-0.9934369625398621,0.333172524497769,-2.9817493625484,0.00286606532294428,0.0128269588490492
HPD,18.6432101025487,-1.28708111370116,0.43272786322175205,-2.9743430527412005,0.00293616615172731,0.0130912663851212
PHF11,89.4148830687879,0.5453366005337601,0.18342402420426604,2.9730925537129105,0.00294815537691038,0.0131348410816446
CXCR4,326.648923913891,0.6196387077990749,0.20859379847576504,2.9705519163412006,0.00297265156011106,0.0132240974206492
TSPAN11,74.2340840942325,-0.7115990849068651,0.239877895569305,-2.96650545152574,0.0030120502119065197,0.0133692623110109
KRTAP21-2,9.07046692696951,1.89691443731803,0.640012661467033,2.96387017245867,0.0030379642772600398,0.0134643066660651
RP5-994D16.12,36.1226311281948,-1.18387897452118,0.40011803149049496,-2.9588243501825295,0.0030881506733844697,0.013632176545046998
EPHX4,129.69869922611701,0.522671171256913,0.17673125498623002,2.95743484251067,0.00310210303362682,0.0136834785615823
SERBP1P5,54.3626782120436,0.7195934285400659,0.24341785968612,2.9562063747826897,0.0031144862000096,0.0137279819341524
F8,96.9197479753821,-0.8718159527290942,0.295885174483068,-2.9464671700845404,0.00321426537436696,0.0141048501040521
NHLH2,93.5916623171395,-0.501190925382386,0.17009547402378802,-2.94652710931211,0.00321364248283004,0.0141048501040521
ATP6V1G2-DDX39B,90.5117925951823,-1.07456909001123,0.365072376432324,-2.94344124448,0.00324585428853952,0.014232930975220999
LINC00694,7.31066012508525,-2.06545082217607,0.701835392352033,-2.94292770738478,0.00325124330863857,0.0142530466644237
EPHX2,176.596579329479,-0.500608676714666,0.17033600189109602,-2.9389481445897,0.00329328168795539,0.0144124641135946
CDH12,62.996870123087994,0.7956647592144591,0.271223511312434,2.93361278070727,0.00335041906991577,0.0146285147953009
SH3D21,120.544747800468,0.5175929563805329,0.176619087403482,2.9305606998076295,0.00338350883984386,0.0147167736500156
CLMP,86.8193560471328,-0.8037240723430659,0.274493773242102,-2.92802296696976,0.00341124846041851,0.0148193034142931
C1orf61,111.70993837952801,0.6239314723668511,0.21338638166050303,2.92395169509704,0.0034561837599914103,0.0149669759952283
CBLN1,33.7212867188062,0.996498522018636,0.34133290854142606,2.91943289698273,0.00350668881631567,0.0151524748099414
NRROS,50.56182522527509,0.8444263368789481,0.28949270808058397,2.91691746737845,0.00353509299629261,0.0152418740463334
RP11-705C15.2,152.711707033838,-0.502789700448459,0.172756666732155,-2.91039246102145,0.00360975165549485,0.0154961357282361
C8orf44,79.0482814053303,-0.618335101614504,0.21313728775833604,-2.9011118050615297,0.0037184118073919203,0.0158554149513755
CD44,23.241197509616104,1.21791383027047,0.421517933605765,2.88935234582344,0.0038603625387080296,0.016354802549623
WDR63,106.577677905031,-0.546249674480135,0.18924106292242898,-2.8865282515563,0.0038951777529105,0.0164787427134194
FA2H,54.472924367926396,0.6933095307218079,0.24051932748235103,2.8825522588103905,0.00394467697582433,0.016648540542875
ANKRD63,45.344843767455394,0.7318343689527049,0.254518654873557,2.8753663236051397,0.0040355898825594205,0.0169738127269151
C2orf27A,43.984031357318706,0.8235444682959581,0.28640858932896196,2.87541819267876,0.00403492690155645,0.0169738127269151
ZFPM1,203.576488575574,0.606799318281346,0.211943248337452,2.8630273577538596,0.00419614330872664,0.0175144657681851
CRYM,66.04612753562179,0.7635289197549551,0.26744979320550305,2.8548495424271,0.0043057221634666,0.0179213590329119
CACNG7,37.8199533439198,0.820995314027043,0.287735505802214,2.85329859357498,0.004326794521925579,0.017988013419303003
RP11-403I13.4,20.227840197922,-1.01896194802594,0.357695017490456,-2.84868924139578,0.00438997367559979,0.0181911260605546
TPI1P2,24.9750487075695,-1.0960067294794,0.38483010186873295,-2.84802754295259,0.00439911171578089,0.0182162565017
DDIT4L,117.76044356492201,0.522285775074869,0.183597892158414,2.8447264232436003,0.00444495817189654,0.0183761453742135
GEMIN8P4,63.287342592697,-0.5758112021255439,0.202500596124516,-2.84350373848521,0.00446204859294363,0.0184339419217311
IFIH1,61.7901612033484,0.633159840404281,0.222974197357522,2.8396103580947503,0.00451686683048626,0.0186344336688808
CDYL2,121.787334931815,0.608803113673303,0.21465454480165103,2.8361995048176603,0.0045653917579135,0.0187866768913353
ZNF565,81.7166367071186,-0.556319924525959,0.196766985857078,-2.82730317844093,0.00469418620067603,0.0192409693024943
LRRC37A,205.52997666788997,-0.6363134483676379,0.22511542390097397,-2.8266097335362796,0.0047043622736388895,0.0192693539708761
TKTL1,82.2740410265702,-0.7368389576445259,0.262484037860984,-2.80717625212231,0.00499778883938658,0.0202797086611439
SOX30,46.2268637070817,-0.7209268159276899,0.257077567686121,-2.80431630972915,0.00504234104468403,0.0204185529755242
C1orf101,69.7100084682386,-0.752596945719511,0.26842596723337603,-2.80374120833543,0.005051343221921479,0.0204471383482984
GTF2IP14,15.7685417096868,-1.27524625313668,0.45513318955533205,-2.8019188281623704,0.00507996535360086,0.0205475122730612
GLS2,43.0586859752674,-0.7379277387896791,0.263491928279171,-2.8005705662749603,0.0051012352932152,0.0206063808460488
PALM3,171.558909111601,0.661798343811178,0.23658805277549802,2.79726019994411,0.00515380091054473,0.0207705652743418
LLNLF-176F2.1,94.64946968054579,-0.6018151228374039,0.215358656810432,-2.79447843774002,0.00519835073054428,0.0209263921982812
GALR2,36.4348883307567,-0.772457495979061,0.276669186963943,-2.7919896120551098,0.005238503784845271,0.021064187199985
RGS9BP,64.8257205433707,0.564752360549195,0.202407773239334,2.7901713037542897,0.00526801606237722,0.0211589323707091
CAPN3,50.682587728692205,-0.8348807472799771,0.29955729386962104,-2.78704863598931,0.00531904952701136,0.0213112604678938
GUSBP4,47.0982265597808,-0.6781367178208311,0.24352001010312804,-2.7847268794611604,0.00535728272398804,0.0214448095711912
IGSF1,71.02728994644521,0.659879312200576,0.237470805578059,2.7787807877868502,0.00545633332090556,0.0217453208375757
PLEKHA8P1,112.6268283925,0.7342601385507059,0.26424511186279004,2.77870850050756,0.00545754759436286,0.0217453208375757
C6orf226,51.372481147291495,-0.7331741902639909,0.26391010870250003,-2.7781209058971,0.0054674269953854104,0.021772971871209
TMEM265,81.06567673831091,0.7474004650756079,0.269274136364535,2.7756117804934703,0.0055097955559229896,0.0219115117722855
AIM1L,67.3782905871033,-0.850139064257822,0.307498303950794,-2.76469513273759,0.00569760181962652,0.0225181280183994
A4GALT,136.230147096374,0.504167654923071,0.18269333448638897,2.7596390220828395,0.00578652608429238,0.0228036835781921
REPS2,341.01421051010203,0.552971457775372,0.20037573126854602,2.75967281204465,0.00578592767359279,0.0228036835781921
MMP24,71.5132878530195,-0.589574568583806,0.213956337502543,-2.7555835712358796,0.005858753542762871,0.0230474550318289
PQLC3,100.82732109204001,0.6742029820938411,0.244854991212114,2.7534786150623702,0.00589656223455063,0.0231705575895127
NLRC4,58.48878255820029,-0.655662522011674,0.238522418674642,-2.7488507187495697,0.00598046165291082,0.0234380843399619
ROPN1L,34.0420417662302,-0.747891448106238,0.272669318278137,-2.7428514980308396,0.0060908223602992705,0.0237606214103733
NGFR,272.61863436884397,0.511672052882319,0.18663835493283498,2.7415160890506898,0.0061156365592857295,0.0238521898795042
ZSCAN23,106.651872032075,-0.508846776185373,0.18581294445658703,-2.7384893860516804,0.00617221527219068,0.0240201706620316
ADORA1,117.14501916451599,0.518044439518162,0.18953300787481503,2.73326765256807,0.0062709350282903606,0.0243510582524636
AC009133.22,155.695185437209,0.7969143760671759,0.291610476203903,2.7328043437984997,0.0062797624196549206,0.0243800121362192
PPM1J,87.8795585193331,0.5522607946841999,0.202361375390536,2.7290820376091895,0.006351090188666471,0.0245999988368573
LRRC24,93.8455672994978,0.700699510524942,0.257094566009534,2.72545437813321,0.00642130499361548,0.0248211356720602
RPL7P50,47.240156753535096,-0.6416913584319611,0.235677310192975,-2.72275408229387,0.00647402290570606,0.0249923146518366
CLCF1,35.1743353811814,-0.919780288473327,0.33833763052631805,-2.71852790079104,0.00655731251936956,0.0252426009757329
METTL7B,72.61431203306981,0.545599183503924,0.201200632203686,2.7117170434712405,0.00669357039385041,0.0256892672508211
ZNF350,130.886562918367,-0.7720275585405071,0.28487429581625706,-2.71006394707672,0.00672702371747437,0.0257892799826668
ANKK1,22.859893979278397,-1.12524713184429,0.417401160195307,-2.69584092990488,0.00702111867946011,0.0267328717857559
MAGEA11,36.768289589550704,0.74441409672767,0.276156767385378,2.69562141741339,0.00702574672439845,0.0267447661114384
PHKG1,61.583339330364396,-0.62857896513914,0.23348591304030605,-2.6921494190128303,0.007099313101023741,0.0269670767462728
RP11-435I10.4,155.193926871996,-0.686421814637298,0.255472597972644,-2.6868706079812097,0.00721248863330162,0.0273008787699739
CLVS2,161.23973811929,0.566851287129883,0.210994284817093,2.6865717600895,0.007218943975467041,0.0273106474101658
OXGR1,41.6952361392657,0.952350825814038,0.35471250507792296,2.6848526967066606,0.00725617785928885,0.0274106858967527
RP11-452G18.2,46.65449270100929,0.8295115121837979,0.309040252359005,2.68415362028689,0.0072713686631145,0.0274564039496366
GLIPR1,28.015962964493102,-1.5042200878517402,0.561929393961718,-2.6768845054477004,0.007431024559175129,0.0279405894875646
SLC30A10,78.6295518903026,0.5192816514016629,0.19476481783646302,2.66619842931635,0.00767143985290141,0.0286627173827359
ZNF572,52.19100688509621,-0.696046636042788,0.261639791630028,-2.6603240726740496,0.0078065498159251906,0.0290515408700221
ACKR2,40.4762289554686,-0.798008104348263,0.30132159643632694,-2.6483601367646803,0.00808833098137534,0.0299372633596659
STAC3,159.333192609865,0.50250765620942,0.189829676850265,2.6471501429452,0.0081173304035395,0.0300196031417088
PRMT1P1,16.055473192646,-1.16156115008925,0.43884621983438105,-2.6468523541745896,0.008124481640021679,0.0300335567653276
COL3A1,63.8155804169558,0.8637970888347009,0.327142194210235,2.6404331331212796,0.00828001301969514,0.0305153634955474
PIH1D2,68.8204162004804,-0.5329385409794821,0.20211758600164897,-2.63677471872801,0.00836983967311725,0.030767855949492995
RP11-474G23.1,38.47181451257,-0.8579483898671091,0.325361339445625,-2.63690944759739,0.00836651621796569,0.030767855949492995
C6orf141,53.994289770470296,0.620996280250203,0.235608395997854,2.6357137130879598,0.008396053567702191,0.0308387168947144
SLC24A4,112.362820760878,0.9226008719719091,0.35107610957280605,2.62792268347323,0.00859080390630226,0.0313919203160626
ADCY10P1,100.035757429452,0.625011224727239,0.23805262115148498,2.6255170882135,0.00865174660467173,0.0315542908920917
RRN3P3,117.399569539291,-0.643414309184465,0.2450685767027,-2.62544597859648,0.00865355394186057,0.0315542908920917
RPRML,98.48010910421058,0.592688406489433,0.226025421101126,2.62222011843641,0.00873589881317318,0.0318109802983888
SPDYE1,44.97666363672379,-0.7333126553320619,0.27989774597725603,-2.61993054917867,0.00879476759666723,0.0319991329315204
COX6B2,33.7161344260485,0.7792885630372891,0.29754467848009897,2.61906402432739,0.0088171397404065,0.0320477436067391
LINC01057,95.70851769460621,0.50333178918619,0.19233893149561104,2.61690020461446,0.00887322791159631,0.0322252584755094
HES7,151.406115694156,0.546204856355802,0.208847825153377,2.61532460754462,0.00891426912482858,0.0323478814915463
ATF5,2092.43314559542,-0.686846427182764,0.262648869371501,-2.61507475294425,0.00892079289939014,0.0323583473162089
CD8A,54.1996623759439,-0.7024445635172559,0.268820515015041,-2.613061594194,0.0089735128371403,0.0325296700830156
FAM13C,177.63970069469798,-0.528883349335331,0.202421218068184,-2.6127861218441097,0.00898074841612251,0.0325492636744954
ESPNL,253.079896139586,-0.60820147431371,0.232997306910941,-2.61033692782631,0.00904530858115049,0.0327498741359065
AC006011.4,90.55934938151199,0.5057436457973989,0.19384479130176102,2.60901333691294,0.00908037032559302,0.0328567490352807
BTK,33.8197764620764,-0.9654812737620508,0.37006747739460605,-2.60893305339704,0.00908250092297359,0.0328577719046578
LYPD1,94.7478981769791,0.552905948795028,0.212557515533399,2.60120630130413,0.00928965708480453,0.0334845717869267
RP11-111H13.1,56.1859898456186,-0.5868613447543449,0.226730248632445,-2.5883681083317303,0.0096431867962987,0.0345766292448048
BDKRB2,67.2570369443186,0.5647501132457851,0.21821176070006199,2.58808283950401,0.00965117675112198,0.0345843558669286
RP11-577H5.1,41.4684336549111,-0.695622454411736,0.26948655671224103,-2.58128814623776,0.00984323855410925,0.0350746742947127
ETV5,167.488871908631,1.20439826176456,0.46692982856715,2.57939884770362,0.00989724395731375,0.0352388655997188
ZBTB16,88.17770282844678,0.549242118832355,0.213345645516531,2.5744238533792703,0.010040718543346,0.0356568836467415
TSNAXIP1,72.7974987870456,-0.528717437121014,0.20550025832125898,-2.57283100975216,0.0100870446798972,0.0357856627001701
NPIPA8,11.228676059458001,-2.39232115852503,0.932347192066672,-2.56591233274606,0.0102904832868418,0.0363912258001859
CFL1P1,56.9887241521288,-0.567533641706031,0.22198522680536803,-2.55662797868811,0.0105692184555103,0.0371479093412587
RP4-740C4.5,86.6246731153392,-0.551537854251157,0.21582473950377698,-2.55548949355505,0.0106038562233223,0.0372541879116907
LZTS1,109.575700804637,1.5759020011811,0.616835675456761,2.55481656441832,0.0106243771520802,0.0373049072158645
GPER1,61.786082613880005,-0.596872269046282,0.23404696870265498,-2.5502243090555803,0.0107653630330672,0.0376957306205135
ALOXE3,75.8637047769833,0.50062710172542,0.19672747448008898,2.5447747095237996,0.0109348262628943,0.0381913466471271
GCSAM,53.121823236063605,0.6607248207046329,0.259902954546753,2.5421981903086697,0.0110157690946994,0.0384287601084659
SPTSSB,30.0895420746688,1.4856101490277498,0.585517445194779,2.5372602664871002,0.0111723859092779,0.0388562544179359
TGIF2-C20orf24,179.995220121543,0.7208993105861451,0.284196592957576,2.5366219316139302,0.0111927757484067,0.0389088456661622
SNAI1,118.715522633701,0.5388481338598351,0.21274941709812697,2.53278312678667,0.0113160941790059,0.0392574837057904
OPN1SW,47.339933969371394,0.690706834792626,0.27334808931911103,2.52683981261081,0.0115093985034505,0.0398614364608206
RP11-163E9.2,21.8397110394713,-1.0039715319773699,0.39743963171000707,-2.52609818416379,0.0115337242262846,0.0399301305427506
TMEM178A,45.3718548649549,-0.6434372361245551,0.255020370657432,-2.5230817227102302,0.0116331362617408,0.040217083293907996
COX11P1,8.942530420381381,-1.53433293890167,0.60825053686623,-2.52253445892003,0.0116512534174377,0.04026646006131399
MT1F,21.4023851960916,0.9748656736390141,0.386920079621425,2.51955306789157,0.0117503926311072,0.0405366125060483
IQCF3,6.130450163809849,-2.02066735766515,0.802415622274059,-2.5182303304845197,0.011794616293864999,0.0406513030279537
KATNAL2,95.39219635792841,-0.5343644804930751,0.21247748109296802,-2.5149228885072596,0.0119058421101298,0.0409711202942169
C11orf70,65.7132442130337,-0.6792517621672121,0.270203548262411,-2.51385211828362,0.0119420497501438,0.0410877683063673
CLIP3,60.6224063297668,-0.691166012979773,0.27513047850982697,-2.51213902844678,0.0120001802140694,0.0412478647566922
C2orf88,65.01070904502521,0.785622091129494,0.313211582044029,2.5082791830445696,0.0121320769708909,0.0416529176712514
ECM1,35.7812511435983,-0.76466478199008,0.30536920260720896,-2.50406647252394,0.0122774965160749,0.0420466420555332
ZNF331,97.7193328441556,-0.8187925393565408,0.327610115605745,-2.49928955289616,0.0124442586410674,0.042519930415933
LGI3,62.174786731489895,0.6740271182069271,0.26981803091866796,2.49808033922722,0.0124867891341913,0.042648405223791
C15orf48,58.5405245325067,0.6427047952808089,0.257540830290278,2.49554524832589,0.0125763714344973,0.042889535555571
SPANXN3,19.6201544029275,1.18444598816789,0.47500674424798206,2.4935350971554704,0.0126478079669396,0.0431072787924389
MICAL2,134.318525153671,0.530056963269351,0.212615533516572,2.49303028100737,0.0126658044025878,0.0431430143032806
SLC26A4,33.5721605998219,0.83032761365435,0.33307070072217304,2.4929470285258097,0.0126687744869861,0.0431430143032806
ZNF112,93.48479833095979,-0.721644146306134,0.28947969036639604,-2.49290078137345,0.0126704246494422,0.0431430143032806
CTD-2192J16.17,98.1408774280991,-0.601505402946974,0.242229158966247,-2.48320807252933,0.0130205008216685,0.0441237898056198
ANKRD44,70.12978834082129,-0.539333298397105,0.21755887272082197,-2.4790223062480803,0.0131743066862898,0.044509281244332
CFAP52,9.199499498523029,-1.3750233581867501,0.554789358642061,-2.47846022416931,0.0131950822499497,0.0445625370344453
ITIH1,6.77064563151109,-1.7411116553677197,0.7028280890929921,-2.4772937826299,0.0132382884796432,0.0446914766387954
AC090286.2,5.535401432900731,-1.82675408220946,0.737432151121968,-2.4771825847708704,0.0132424138890662,0.0446969174945874
CYP1B1,136.040804726386,0.5866566412596911,0.23714736001217301,2.47380633387433,0.0133682142036046,0.0450445739538173
SNCAIP,138.023118405092,0.5482759191140779,0.221680151991827,2.4732747347371498,0.013388117732033002,0.0450902233413472
SNX18P12,25.291517843017896,-0.925857895430635,0.37439788353782794,-2.47292502479408,0.013401225450367999,0.0451045220013237
GOLGA8R,71.8419579320139,-0.59740895137497,0.24179975195116102,-2.47067644426548,0.0134857772794431,0.0453119058589904
PCDHGC4,97.6982253253655,0.8019135908626459,0.324672223770827,2.46991744950958,0.0135144234604209,0.045365294232536
DPY19L1P2,7.86998771069964,-1.50015394520953,0.607468340324604,-2.4695179083866603,0.0135295246371567,0.0454074136604914
SUMO4,7.36673339334638,-2.10040401687405,0.8528363422674591,-2.46284534649362,0.0137839357015128,0.0461480249874974
CDH18,15.2685452476844,1.18652001448124,0.48232608840561797,2.45999551548914,0.0138938751850728,0.0464199539018751
KCNB2,83.4358222768818,0.5154038033725901,0.21048195730108302,2.4486840106457795,0.0143379172098283,0.047599422312912
P2RX5,8.56338733593853,-1.80139944426842,0.7359438172948,-2.44774044150551,0.0143755173178536,0.0476797376289415
RP11-51F16.8,11.0188680548719,6.753820049783419,2.76237117314133,2.44493575499598,0.0144877946831821,0.0479984120107437
ANKRD24,93.4559521691597,-0.6886453050770849,0.28174631654619203,-2.44420340084263,0.0145172393488221,0.0480511974797853
GVQW2,97.02881252782042,-0.526689449384165,0.21551938249067298,-2.44381476643735,0.014532886009948998,0.048094034271897006
TEN1-CDK3,166.822835287798,-1.2403079052677901,0.508253203631969,-2.44033465289459,0.0146736615782227,0.048433706427024
WNT6,66.201839379334,0.5767703476735849,0.23632889685711603,2.44054093825986,0.0146652836486388,0.048433706427024
SLC26A7,36.084701067595205,-1.02991015603877,0.422461849177197,-2.43787730902722,0.0147737873602954,0.0487189749728137
GOLGA8T,65.97439041954061,-0.8716430043332529,0.35774826003031895,-2.43647028292851,0.0148313880536517,0.0488907880945458
